Naam,District,Verkiezingdatum,InTKEK,Gevonden,Gebdatum,Sterfdatum,Sterfplaats,Vermogen,Link1,Link2,Polpartij,Opm,
mr. A. Oudeman,Onderdendam,30/11/1848,ja,,,,,,https://www.parlement.com/id/vg09llr6lyyk/a_oudeman,,,,
dr. P.J. Costerus,Sneek,30/11/1848,ja,,,,,,https://www.parlement.com/id/vg09lkzhc5zg/p_j_costerus,,,,
mr. G. Kniphorst,Assen,30/11/1848,ja,,,,,,https://www.parlement.com/id/vg09llr7kxyn/g_kniphorst,,,,
mr. P.W.A. Grevelink,Assen,30/11/1848,nee,ja,04/06/1808,17/04/1896,Dieren (Rheden),10229.13,https://www.dbnl.org/tekst/_jaa002189601_01/_jaa002189601_01_0017.php,,,Pedro Wijnand Alstorphius Grevelink ,
mr. J. Tonckens,Assen,30/11/1848,nee,ja,26/01/1784,29/04/1857,Norg (Drenthe) ,,http://www.biografischportaal.nl/persoon/64601484,,,,
mr. C. Hiddingh,Assen,30/11/1848,nee,ja,10/06/1809,04/09/1871,Arnhem,,https://en.wikipedia.org/wiki/Cornelis_Hiddingh,,,,
jhr.mr. H.J.L. van der Wijck,Assen,30/11/1848,nee,ja,03/11/1792,23/10/1860,Assen,260213.56,https://nl.wikipedia.org/wiki/Hendrik_Jan_Leopold_van_der_Wyck,,,,
A. van der Vlies,Hoogeveen,26/12/1848,nee,ja,05/04/1802,12/04/1873,"Veendijk (Havelte, Drenthe)",,https://www.pondes.nl/detail/i_d.php?inum=401230118,,,,
I. Collaes,Sittard,14/06/1849,nee,nee,,,,,,,,,
C. Reynen,Sittard,14/06/1849,nee,niet in online archief,,17/01/1893,Echt (Limburg) ,,http://www.mortelshof.nl/Eindnoten_hoofdstuk2.html,https://www.archieven.nl/mi/1540/?mistart=180&mivast=1540&mizig=100&miadt=38&milang=nl&misort=dt%7Casc&miview=tbl&mip1=reijnen&mib1=215&mif1=215,,,
mr. W. Sassen,Sittard,14/06/1849,nee,nee,,29/12/1877,Brussel,,https://www.genealogiesassen.nl/pages/genealogie/tak-mr.-joannes-henricus-1785-1830-tc-vib/tabel-c1-vib-mr-joannes-henricus-1785-1830/viif-mr-willem-carel-clemens-1817-1877.php,,,,
R.J.N. Walter,Grave,30/11/1848,nee,ja,07/11/1796,17/04/1877,Grave,,https://www.archieven.nl/nl/zoeken?mivast=0&mizig=210&miadt=235&miaet=1&micode=7078&minr=10080503&miview=inv2&milang=nl,,,,
K.P. Feringa,Zuidhorn,15/06/1886,nee,niet in online archief,,11/06/1916,Grijpskerk (Groningen),,https://www.geni.com/people/Kornelis-Feringa/6000000022062750891,https://www.delpher.nl/nl/kranten/view?query=%22K.+P.+Feringa%22&facets%5Btype%5D%5B%5D=familiebericht&page=1&cql%5B%5D=%28date+_gte_+%2201-01-1916%22%29&cql%5B%5D=%28date+_lte_+%2231-12-1916%22%29&coll=ddd&redirect=true&identifier=ddd:010668361:mpeg21:a0080&resultsidentifier=ddd:010668361:mpeg21:a0080&rowid=3,,,
mr. J.J. Cremers,Groningen,04/12/1866,ja,,,,,,https://nl.wikipedia.org/wiki/Coos_Cremers,,,,
K. Venema,Winschoten,18/07/1864,nee,nog niet,,,,,,,,Zijn nog veel verschillende opties: https://www.openarch.nl/search.php?top&name=Kornelis+Venema&number_show=10&relationtype=Overledene&sort=4&start=20,
mr. H. Vos,Assen,31/05/1853,ja,,,,,,https://www.parlement.com/id/vg09lltafbxi/h_vos,,,,
dr. P.J. Costerus,Sneek,27/08/1850,ja,,,,,,https://www.parlement.com/id/vg09lkzhc5zg/p_j_costerus,,,,
mr. W. van Nauta Lemke,Sneek,14/06/1864,nee,niet in online archief,,14/01/1892,Leeuwarden,,https://www.langsdeluts.nl/persoonsgegevens/Lemke%20Willem%20van%20Nauta%201826.html,https://www.delpher.nl/nl/kranten/view?coll=ddd&query=%22Van+Nauta+Lemke%22&cql%5B%5D=%28date+_gte_+%2201-01-1892%22%29&cql%5B%5D=%28date+_lte_+%2201-02-1892%22%29&redirect=true&identifier=ddd:010591201:mpeg21:a0035&resultsidentifier=ddd:010591201:mpeg21:a0035&rowid=1,,Niet in Alle Friezen,
C.J. de Bordes,Sneek,13/06/1871,nee,ja,02-01-1840,27/04/1917,Velp (Rheden),3138.75,https://www.openarch.nl/ghn:6490c324-a361-102d-86a4-0050569c51dd/nl,https://www.genealogieonline.nl/stamboom-elsevier/I7793.php,,,
A. Brummelkamp sr.,Dokkum,12/06/1877,nee,ja,,02-06-1888,Kampen,23507.11,https://nl.wikipedia.org/wiki/Anthony_Brummelkamp_sr.,,,,
mr. J.A.G. de Vos van Steenwijk,Steenwijk,20/02/1851,nee,nee,,07/03/1872,Zwolle,,https://www.genealogieonline.nl/genealogie-richard-remme/I419332.php,https://www.delpher.nl/nl/kranten/view?coll=ddd&query=%22J.A.G.+de+Vos+van+Steenwijk%22&cql%5B%5D=%28date+_gte_+%2201-03-1872%22%29&cql%5B%5D=%28date+_lte_+%2201-04-1872%22%29&redirect=true&identifier=MMKB23:001391062:mpeg21:a00030&resultsidentifier=MMKB23:001391062:mpeg21:a00030&rowid=1,https://www.openarch.nl/hga:2BCB0C51-B1B4-42DB-BAA7-2F2FA6F9D91E,"Niet in Tafel V-bis kantoor Zwolle of Steenwijk. Overlijdensakte in Den Haag, maar memorie niet.",
J. Zeehuizen,Steenwijk,12/06/1860,nee,nee,,01-06-1863,Zwollerkerkspel,,https://historischcentrumoverijssel.nl/een-centsprent/,https://www.delpher.nl/nl/kranten/view?coll=ddd&query=%28%22J.+Zeehuizen%22+%29&cql%5B%5D=%28date+_gte_+%2201-01-1863%22%29&cql%5B%5D=%28date+_lte_+%2231-12-1863%22%29&redirect=true&identifier=ddd:000014814:mpeg21:a0019&resultsidentifier=ddd:000014814:mpeg21:a0019&rowid=1,,Niet in Tafel V-bis kantoor Zwolle of Steenwijk. ,
J. Meesters,Steenwijk,14/06/1864,ja,,,,,,,,,,
mr. A. de Pinto,Zwolle,27/08/1850,nee,ja,,26/05/1878,Den Haag,,https://www.dbnl.org/tekst/molh003nieu06_01/molh003nieu06_01_1740.php,,,,
jhr.mr. F. van Hogendorp,Zwolle,08/06/1858,ja,,,,,,,,,,
mr. W.G. Hovy,Zwolle,09/04/1861,nee,ja,,28/07/1886,Den Haag,420498.12,https://www.nationaalarchief.nl/onderzoeken/archief/3.06.05/invnr/3804/file/NL-HaNA_3.06.05_3804_0012,,,,
mr. W.G. Hovy,Zwolle,10/06/1862,nee,ja,,28/07/1886,Den Haag,420498.12,https://www.nationaalarchief.nl/onderzoeken/archief/3.06.05/invnr/3804/file/NL-HaNA_3.06.05_3804_0012,,,,
jhr.mr. P.J. Teding van Berkhout,Deventer,30/10/1866,nee,niet in online archief,,,Utrecht,,https://nl.wikipedia.org/wiki/Pieter_Jacob_Teding_van_Berkhout,,,,
J.A. van de Velde,Deventer,30/10/1866,nee,nee,,,,,,,,,
E. baron van Lynden,Deventer,22/01/1868,nee,,,05/09/1890,Baarn,,https://www.genealogieonline.nl/en/west-europese-adel/I201832.php,,,,
mr. C.P. Henny,Arnhem,02/05/1865,nee,ja,,06/07/1897,Arnhem,261152.34,https://erfgoedcentrumzutphen.nl/onderzoeken/archieven/details/NL-ZuRAZ-0287/path/3.5.24/start/0/section/context,http://www.biografischportaal.nl/persoon/32190739,,,
mr. W.C.C. Sassen jr.,Nijmegen,10/06/1862,nee,nee,,29/12/1877,Brussel,,https://www.genealogieonline.nl/en/stamboom-stoffels/I4563.php,,,,
mr. A. Schouten,Nijmegen,10/06/1862,nee,ja,17/12/1799,28/03/1876,Wamel (Gelderland),,https://www.dbnl.org/tekst/schu211land02_01/schu211land02_01_0010.php,https://www.delpher.nl/nl/kranten/view?coll=ddd&query=%28%22A.+Schouten%22+overleden%29&cql%5B%5D=%28date+_gte_+%2201-01-1876%22%29&cql%5B%5D=%28date+_lte_+%2231-12-1876%22%29&facets%5Btype%5D%5B%5D=familiebericht&redirect=true&identifier=ddd:010062498:mpeg21:a0008&resultsidentifier=ddd:010062498:mpeg21:a0008&rowid=5,,,
D.C. Steyn ParvÃÂ©,Tiel,09/11/1852,nee,nee,27/04/1812,1882,Londen ,,https://nl.wikipedia.org/wiki/Daniel_Couperus_Steyn_Parv%C3%A9,,,,
jhr. P.A. Reuchlin,Tiel,09/11/1852,nee,nee,29/04/1803,31/01/1868,Tiel,,https://nl.wikipedia.org/wiki/Pierre_Adrien_Reuchlin,,,De memories van vóór 1881 uit kantoor Tiel zijn in 1944 verbrand.. ,
mr. A.G.J. baron van Taets van Amerongen,Amersfoort,24/04/1860,nee,niet in online archief,09/09/1806,19/11/1886,Utrecht,,https://www.genealogieonline.nl/stamboom-boris-schubert-moonlight/R13375.php,,,Scans tijdelijk buiten gebruik,
jhr.mr. J.E. Huydecoper van Nigtevecht,Amersfoort,20/07/1886,nee,nee,05/01/1853,08/06/1911,Nauheim (Duitsland),,https://www.dbnl.org/tekst/molh003nieu09_01/molh003nieu09_01_0733.php,,,,
jhr.mr. P.A.M. van Oosthuijse van Rijckevorsel van Rijsenburg,Utrecht,17/05/1853,nee,niet in online archief,,15/08/1872,Utrecht,,https://www.geni.com/people/Petrus-Antonius-Maria-baron-van-Rijckevorsel/6000000024309252262,,,,
mr. S.J. van Geuns,Utrecht,30/10/1866,nee,niet in online archief,,08/01/1903,Utrecht,,https://www.delpher.nl/nl/kranten/view?query=%22S.J.+van+Geuns%22&coll=ddd&identifier=ddd:010156831:mpeg21:a0009&resultsidentifier=ddd:010156831:mpeg21:a0009&rowid=1,,,,
mr. W.R. baron van Tuyll van Serooskerke,Utrecht,30/10/1866,nee,ja,,09/04/1888,Den Haag,560405.41,https://schiedam.courant.nu/issue/NSC/1888-04-09/edition/0/page/5?query=,,,,
jhr.mr. J.H. Hora Siccama,Utrecht,28/10/1884,nee,niet in online archief,,20/04/1914,Den Haag,,https://www.genealogieonline.nl/stamboom-ocken/I09996.php,,,,
A.L. van Tienen,Hilversum,26/02/1878,nee,nee,,14/03/1903,Amsterdam,,https://www.delpher.nl/nl/kranten/view?query=%22A.L.+van+Tienen%22&facets%5Btype%5D%5B%5D=familiebericht&page=1&cql%5B%5D=%28date+_gte_+%2201-01-1879%22%29&cql%5B%5D=%28date+_lte_+%2201-01-1930%22%29&coll=ddd&redirect=true&identifier=ddd:010128530:mpeg21:a0094&resultsidentifier=ddd:010128530:mpeg21:a0094&rowid=3,,,"Niet in Amsterdam, ook niet in Diemen (kantoor Hilversum) op een logische plek in de memories",
jhr.mr. J.E. Huydecoper van Nigtevecht,Hilversum,28/10/1884,ja ,,,08/06/1911,Bad Nauheim (Duitsland),,https://nl.wikipedia.org/wiki/Jan_Elias_Huydecoper_van_Maarsseveen_en_Nigtevecht,,,Was slechts enkele maanden Tweede Kamer-lid,
C.J. Hacke van Mijnden,Hilversum,15/06/1886,nee,niet in online archief,,15/01/1924,Loosdrecht (was toen nog gemeente Utrecht) ,,https://www.geni.com/people/Conrad-Jan-Hacke-van-Mijnden/6000000034566119805,,,,
C.J. Hacke van Mijnden,Hilversum,01/09/1887,nee,niet in online archief,,15/01/1924,Loosdrecht (was toen nog gemeente Utrecht) ,,https://www.geni.com/people/Conrad-Jan-Hacke-van-Mijnden/6000000034566119805,,,,
P. Bruining,Amsterdam III,30/11/1848,nee,nee,19/12/1802,09/12/1855,Willemsoord,,https://www.dbnl.org/tekst/aa__001biog25_01/aa__001biog25_01_0258.php,https://www.delpher.nl/nl/kranten/view?facets%5Btype%5D%5B%5D=familiebericht&cql%5B%5D=%28date+_gte_+%2201-12-1855%22%29&cql%5B%5D=%28date+_lte_+%2231-12-1855%22%29&query=%22P.+Bruining%22&coll=ddd&redirect=true&identifier=ddd:010396700:mpeg21:a0011&resultsidentifier=ddd:010396700:mpeg21:a0011&rowid=1,,"Kan ik niet vinden in kantoor Vollenhoven 1855, waar die zou moeten zijn",
P.C. GÃÂ¼lcher,Amsterdam IV,14/12/1848,,,,,,,,,,,
J.D. Kruseman,Hoorn,20/04/1852,nee,ja,,13/01/1861,Den Haag,,https://www.genealogieonline.nl/stamboom-de-kanter/I1595.php,,,,
S. de Vries,Hoorn,20/04/1852,nee,ja,02/02/1825,13/11/1916,Hoorn,,https://gw.geneanet.org/herediasittig?lang=en&p=simon&n=de+vries&oc=4,,,,
H. Koomen,Hoorn,30/07/1858,nee,ja,,16/05/1884,Winkel (Noord-Holland),,https://wit-west-friesland.nl/getperson.php?personID=I336&tree=wit,,,,
H. Raat,Hoorn,14/06/1864,nee,ja,18/11/1815,14/02/1899,Den Haag,,https://www.geni.com/people/Hendrik-Raat/6000000038829912131,,,,
Mr. D. Visser,Hoorn,14/06/1864,nee,nee,,11/01/1884,Wognum,,http://genea.pedete.net/twisk/13196.htm,,,"Memorienummer is 3/1436 (kantoor Hoorn, 1884), maar daar kan ik 'm niet vinden op een logische plek",
mr. J. de Neufville,Hoorn,14/06/1864,nee,ja,,22/04/1884,Amsterdam,,https://www.delpher.nl/nl/kranten/view?query=%28%22J.+de+Neufville%22+overleden%29&facets%5Btype%5D%5B%5D=familiebericht&page=1&cql%5B%5D=%28date+_gte_+%2201-01-1884%22%29&cql%5B%5D=%28date+_lte_+%2231-12-1884%22%29&coll=ddd&redirect=true&identifier=KBDDD02:000208125:mpeg21:a0028&resultsidentifier=KBDDD02:000208125:mpeg21:a0028&rowid=2,,,,
mr. L.F.C. Gasinjet,Hoorn,14/06/1864,nee,nee,,17/08/1891,Amsterdam,,https://www.openarch.nl/nha:2b2589e9-b8c3-48a5-81ff-354183b395d1,,,,
A. van Lennep,Haarlem,08/06/1869,nee,nee,,04/12/1930,Zwolle,,https://www.genealogieonline.nl/de-huizings/I3571.php,,,"Na 1927 overleden. En is geboren rond 1854, dus was wel heel jong dan nog toen ie zich verkiesbaar stelde...?",
dr. C.G. von Reeken,Haarlem,10/06/1879,nee,ja,16/02/1854,16/04/1907,Haarlem,,https://www.genealogieonline.nl/stamboom-driessen/I206243.php,,,,
M.W. van der Aa,Haarlem,28/10/1884,nee,ja ,15/03/1831,23/05/1905,Amsterdam,,https://www.dbnl.org/tekst/_jaa003198601_01/_jaa003198601_01_0001.php,https://www.delpher.nl/nl/kranten/view?coll=ddd&query=%28%22van+der+Aa%22+overleden%29&cql%5B%5D=%28date+_gte_+%2201-01-1905%22%29&cql%5B%5D=%28date+_lte_+%2201-07-1905%22%29&facets%5Btype%5D%5B%5D=familiebericht&redirect=true&identifier=ddd:010163597:mpeg21:a0159&resultsidentifier=ddd:010163597:mpeg21:a0159&rowid=7,,,
M.W. van der Aa,Haarlem,15/06/1886,nee,ja ,15/03/1831,23/05/1905,Amsterdam,,https://www.dbnl.org/tekst/_jaa003198601_01/_jaa003198601_01_0001.php,https://www.delpher.nl/nl/kranten/view?coll=ddd&query=%28%22van+der+Aa%22+overleden%29&cql%5B%5D=%28date+_gte_+%2201-01-1905%22%29&cql%5B%5D=%28date+_lte_+%2201-07-1905%22%29&facets%5Btype%5D%5B%5D=familiebericht&redirect=true&identifier=ddd:010163597:mpeg21:a0159&resultsidentifier=ddd:010163597:mpeg21:a0159&rowid=7,,,
dr. E.C. BÃÂ¼chner,Amsterdam,27/08/1850,ja,,,30/09/1882,,,https://kranten.samh.nl/issue/GC/1882-10-04/edition/null/page/1?query=,,,,
mr. H.J. Koenen,Amsterdam,17/05/1853,nee,nee,11/01/1809,13/10/1874,Haarlem,,http://resources.huygens.knaw.nl/bwn1880-2000/lemmata/bwn3/koenen,,,"Memorienummer is 4480 (kantoor Haarlem), maar daar kan ik 'm niet vinden op een logische plek",
D.A. van Heemskerk Veeckens,Amsterdam,03/11/1864,nee,ja,22/08/1824,08/03/1894,Amsterdam,,https://www.genealogieonline.nl/stamboom-boris-schubert-moonlight/R206.php,,,,
G.C.C. Pels Rijcken,Amsterdam,08/06/1869,nee,ja,08/01/1810,02/05/1889,Breda,,https://nl.wikipedia.org/wiki/Gerhard_Christiaan_Coenraad_Pels_Rijcken,,,,
H.A. Hartogh,Amsterdam,08/06/1869,nee,nee,,18/01/1938,Den Haag,,https://www.delpher.nl/nl/kranten/view?coll=ddd&query=%28%22H.A.+Hartogh%22+%29&cql%5B%5D=%28date+_gte_+%2201-01-1938%22%29&cql%5B%5D=%28date+_lte_+%2231-12-1938%22%29&redirect=true&identifier=ddd:010864774:mpeg21:a0077&resultsidentifier=ddd:010864774:mpeg21:a0077&rowid=4,,,Na 1927 overleden,
A.J.H. van der Toorn,Amsterdam,10/06/1873,nee,ja,,08/02/1883,Den Haag,,http://www.oudegewichtjes.nl/404-2-Arrondissementijkers-18201869-uitgebreid-overzicht.html,https://www.delpher.nl/nl/kranten/view?coll=ddd&query=%22A.J.H.+van+der+Toorn%22&cql%5B%5D=%28date+_gte_+%2208-02-1883%22%29&cql%5B%5D=%28date+_lte_+%2218-02-1883%22%29&redirect=true&identifier=MMKB23:001420117:mpeg21:a00056&resultsidentifier=MMKB23:001420117:mpeg21:a00056&rowid=1,,,
mr. J.P. Amersfoordt,Haarlemmermeer,08/06/1869,nee,nog niet,,01/02/1885,Haarlemmermeer,,https://www.delpher.nl/nl/kranten/view?query=%22mr.+J.P.+Amersfoordt%22&page=1&cql%5B%5D=%28date+_gte_+%2201-01-1885%22%29&cql%5B%5D=%28date+_lte_+%2231-12-1885%22%29&coll=ddd&redirect=true&identifier=MMKB04:000163227:mpeg21:a0006&resultsidentifier=MMKB04:000163227:mpeg21:a0006&rowid=2,,,Er is iets mis met de digitalisering van de bestanden in deze memories: https://noord-hollandsarchief.nl/bronnen/archieven?mivast=236&mizig=210&miadt=236&micode=178&milang=nl&mizk_alle=memorie%20van%20successie&miview=inv2#inv3t2,
mr. A. Jongkindt Coninck,Leiden,18/08/1857,nee,ja,,12/03/1870,Noordwijk,,https://www.delpher.nl/nl/kranten/view?coll=ddd&query=%22mr.+A.+Jongkindt+Coninck%22&cql%5B%5D=%28date+_gte_+%2201-01-1869%22%29&cql%5B%5D=%28date+_lte_+%2231-12-1900%22%29&redirect=true&page=1&facets%5Btype%5D%5B%5D=familiebericht&identifier=MMHCO01:000065554:mpeg21:a0006&resultsidentifier=MMHCO01:000065554:mpeg21:a0006&rowid=2,,,,
mr. D.T. Siegenbeek,Leiden,14/06/1864,nee,ja,,11/01/1866,Leiden,,https://www.openarch.nl/nim:d51747e5-a834-ce20-6bd5-0551ba6905f1/nl,,,,
D. Hartevelt,Leiden,28/10/1884,nee,ja,,30/10/1896,Leiden,,https://www.openarch.nl/elo:28a023e5-bd3b-a9bf-8131-3ec3626df71c,,,,
mr. P.F. Hubrecht,Gouda,10/06/1862,nee,niet in online archief,29/11/1829,07/07/1902,Doorn,,https://www.parlement.com/id/vg09lly4ewyp/p_f_hubrecht,,,,
mr. W. Thorbecke,Gouda,12/06/1883,nee,ja,,04/10/1917,Den Haag,,https://www.delpher.nl/nl/kranten/view?coll=ddd&query=%28%22mr.+W.+Thorbecke%22+%29&cql%5B%5D=%28date+_gte_+%2201-01-1917%22%29&cql%5B%5D=%28date+_lte_+%2231-12-1917%22%29&redirect=true&identifier=ddd:010601091:mpeg21:a0091&resultsidentifier=ddd:010601091:mpeg21:a0091&rowid=5,,,,
mr. W. Thorbecke,Gouda,30/10/1883,nee,ja,,04/10/1917,Den Haag,,https://www.delpher.nl/nl/kranten/view?coll=ddd&query=%28%22mr.+W.+Thorbecke%22+%29&cql%5B%5D=%28date+_gte_+%2201-01-1917%22%29&cql%5B%5D=%28date+_lte_+%2231-12-1917%22%29&redirect=true&identifier=ddd:010601091:mpeg21:a0091&resultsidentifier=ddd:010601091:mpeg21:a0091&rowid=5,,,,
mr. A.M. de Rouville,Delft,17/05/1853,nee,ja,13/05/1812,09/10/1881,Den Haag,,http://www.biografischportaal.nl/persoon/01026434,,,,
W. von Wrangel auf Lindenberg,Delft,08/06/1875,nee,niet in online archief,22/04/1815,23/04/1896,Utrecht,,https://nl.wikipedia.org/wiki/Willem_von_Wrangel_auf_Lindenberg,,,,
W. von Wrangel auf Lindenberg,Delft,12/06/1877,nee,niet in online archief,22/04/1815,23/04/1896,Utrecht,,https://nl.wikipedia.org/wiki/Willem_von_Wrangel_auf_Lindenberg,,,,
F. s' Jacob,Rotterdam,22/01/1868,nee,niet in online archief,,03/04/1901,Utrecht,,https://www.parlement.com/id/vg09llzb6jzx/f_s_jacob,,,,
J. Voorhoeve H Czn.,Rotterdam,24/08/1880,nee,ja,,19/01/1881,Rotterdam,,https://www.delpher.nl/nl/kranten/view?cql%5B%5D=%28date+_gte_+%2201-12-1880%22%29&cql%5B%5D=%28date+_lte_+%2231-01-1881%22%29&query=%22J.+Voorhoeve%22+overleden&coll=ddd&redirect=true&identifier=ddd:011067611:mpeg21:a0007&resultsidentifier=ddd:011067611:mpeg21:a0007&rowid=2,,,,
J.G. van den Bergh,Rotterdam,14/06/1881,nee,niet in online archief,23/12/1824,27/05/1890,Maastricht,,https://www.parlement.com/id/vg09llithfwj/j_g_van_den_bergh,,,Was wel minister,"Toegangsnummer: 07.D03 Memories van Successie, 1818-1900 (1905). Inventarisnummer: 605"
E. van der Oudermeulen,Den Haag,27/08/1850,nee,nee,28/10/1801,13/02/1853,Frankfurt,,http://www.biografischportaal.nl/persoon/83622471,,,,
jhr.mr. J.K.W. Quarles van Ufford,Den Haag,14/06/1881,nee,ja,22/05/1818,09/03/1902,Den Haag,,https://www.dbnl.org/tekst/_jaa003190401_01/_jaa003190401_01_0017.php,https://www.delpher.nl/nl/kranten/view?query=%22jhr.mr.+J.K.W.+Quarles+van+Ufford%22&coll=ddd&identifier=ddd:010320821:mpeg21:a0033&resultsidentifier=ddd:010320821:mpeg21:a0033&rowid=2,,,
mr. J.G. Kist,Dordrecht,27/12/1859,nee,ja,29/10/1822,29/06/1897,Den Haag,,http://www.biografischportaal.nl/persoon/28843610,,,,
G.H. Veth,Dordrecht,22/04/1879,nee,ja,29/09/1817,14/11/1907,Hilversum,,https://www.dbnl.org/tekst/molh003nieu04_01/molh003nieu04_01_1987.php,,,,
mr. I. Capadose,Gorinchem,30/10/1866,nee,nee,02/08/1834,13/10/1920,Albury,,http://nl.wikisage.org/wiki/Isaac_Capadose,,,,
mr. J.H. s' Jacob,Gorinchem,12/06/1877,nee,nee,,,,,,,,,
C. van Andel,Gorinchem,15/06/1886,nee,ja,15/01/1834,01/09/1912,Gorinchem,,https://www.online-begraafplaatsen.nl/zerken.asp?sortpers=overleden&command=showgraf&bgp=90&grafid=116866&char=A,,,,
mr. C.P. Lenshoek,Goes,13/06/1871,nee,ja,14/10/1831,01/02/1901,Zaltbommel (Gelderland),,https://www.genealogieonline.nl/stamboom-lenshoek/I105.php,,,,
mr. J.E. van den Broek,Zierikzee,12/02/1863,nee,ja,,14/09/1872,Sommelsdijk (Zuid-Holland archief),,https://www.delpher.nl/nl/kranten/view?coll=ddd&query=%22mr.+J.E.+van+den+Broek%22&cql%5B%5D=%28date+_gte_+%2201-01-1872%22%29&cql%5B%5D=%28date+_lte_+%2231-12-1872%22%29&redirect=true&identifier=MMKB19:000879069:mpeg21:a00008&resultsidentifier=MMKB19:000879069:mpeg21:a00008&rowid=6,,,,
mr. D. van Weel,Zierikzee,12/02/1863,nee,ja,,14/04/1886,Ooltgensplaat (Zuid-Holland archief),,https://www.genealogieonline.nl/stamboom-van-weel-den-bommel-bussum/I357.php,,,,
mr. P.J. Verduijn,Breda,25/02/1862,nee,ja,,05/05/1870,Bergen op Zoom,,https://www.genealogieonline.nl/stamboom-familie-van-geel/I127754.php,,,,
A.A.A. Barning,Tilburg,08/06/1852,nee,nee,,17/01/1878,Amsterdam,,https://www.delpher.nl/nl/kranten/view?query=%22A.A.A.+Barning%22+overleden&coll=ddd&identifier=MMKB19:000890014:mpeg21:a00024&resultsidentifier=MMKB19:000890014:mpeg21:a00024&rowid=3,,,Tussen 1863 en 1879 zijn er slechts enkele fragmenten bewaard gebleven uit Amsterdam,
mr. J.J. Loke,Tilburg,17/05/1853,nee,ja,,18/05/1880,Breda,,https://www.delpher.nl/nl/kranten/view?coll=ddd&query=%28%22mr.+J.J.+Loke%22+overleden%29&cql%5B%5D=%28date+_gte_+%2201-01-1853%22%29&redirect=true&identifier=ddd:010485721:mpeg21:a0017&resultsidentifier=ddd:010485721:mpeg21:a0017&rowid=1,,,,
mr. J.D.W. Pape,Tilburg,17/05/1853,nee,nee,,16/01/1878,Arnhem,,https://www.delpher.nl/nl/kranten/view?coll=ddd&query=%28%22mr.+J.D.W.+Pape%22+overleden%29&cql%5B%5D=%28date+_gte_+%2201-01-1878%22%29&redirect=true&identifier=MMKB08:000095112:mpeg21:a0015&resultsidentifier=MMKB08:000095112:mpeg21:a0015&rowid=2,,,Niet in Tafel V-bis Arnhem,
B.H.M. Hanlo,Tilburg,30/10/1866,nee,ja,,04/03/1902,Den Haag,,http://www.biografischportaal.nl/en/persoon/8451787,,,,
mr. D.H. van den Acker,Eindhoven,25/09/1877,nee,niet in online archief,,12/01/1911,Eindhoven,,https://www.delpher.nl/nl/kranten/view?cql%5B%5D=%28date+_gte_+%2201-01-1878%22%29&query=%22mr.+D.H.+van+den+Acker%22+overleden&coll=ddd&redirect=true&identifier=ddd:010108438:mpeg21:a0137&resultsidentifier=ddd:010108438:mpeg21:a0137&rowid=1,http://www.bhic.nl/integrated?extended_search&mivast=235&mizig=210&miadt=235&micode=556&milang=nl&miview=inv2#inv3t1,,,
mr. L. Wenmaekers,Maastricht,03/04/1855,nee,niet in online archief,,14/11/1896,Weert,,https://www.delpher.nl/nl/kranten/view?coll=ddd&query=%28%22mr.+L.+Wenmaekers%22+overleden%29&cql%5B%5D=%28date+_gte_+%2201-01-1888%22%29&redirect=true&identifier=MMKB23:001428039:mpeg21:a00016&resultsidentifier=MMKB23:001428039:mpeg21:a00016&rowid=2,,,"inventarisnummer 1189, https://www.archieven.nl/mi/1540/?mivast=1540&miadt=38&mizig=100&miview=tbl&milang=nl&micols=1&misort=last_mod%7Cdesc&mif1=215&mip1=wenmaekers&mib1=215",
E. Sassen,Maastricht,03/04/1855,nee,nee,,,,,https://www.delpher.nl/nl/kranten/view?coll=ddd&query=%28%28%22E.+Sassen%22+overleden%29+%29&cql%5B%5D=%28date+_gte_+%2201-01-1919%22%29&cql%5B%5D=%28date+_lte_+%2201-01-1930%22%29&redirect=true&identifier=MMKB23:001220034:mpeg21:a00045&resultsidentifier=MMKB23:001220034:mpeg21:a00045&rowid=1,,,Z'n zoon heette waarschijnlijk hetzelde en is ook jurist in Maastricht geworden,
mr. L. Wenmaekers,Maastricht,17/04/1855,nee,niet in online archief,,14/11/1896,Weert,,https://www.delpher.nl/nl/kranten/view?coll=ddd&query=%28%22mr.+L.+Wenmaekers%22+overleden%29&cql%5B%5D=%28date+_gte_+%2201-01-1888%22%29&redirect=true&identifier=MMKB23:001428039:mpeg21:a00016&resultsidentifier=MMKB23:001428039:mpeg21:a00016&rowid=2,,,"inventarisnummer 1189, https://www.archieven.nl/mi/1540/?mivast=1540&miadt=38&mizig=100&miview=tbl&milang=nl&micols=1&misort=last_mod%7Cdesc&mif1=215&mip1=wenmaekers&mib1=215",
jhr.mr. E. Kerens van Wolfrath,Maastricht,17/07/1856,nee,niet in online archief,,13/10/1875,Born,,http://www.biografischportaal.nl/persoon/07696132,,,"inventarisnummer 1306, https://www.archieven.nl/mi/1540/?mivast=1540&mizig=210&miadt=38&miaet=1&micode=07.D03&minr=10356294&miview=inv2",
K.H.L. Bontamps,Roermond,27/08/1850,nee,niet in online archief,,01/05/1854,Maastricht,,https://nl.wikipedia.org/wiki/Carolus_Hubertus_Leonardus_Bontamps,,,"inventarisnummer 1309, https://www.archieven.nl/mi/1540/?mivast=1540&miadt=38&mizig=100&miview=tbl&milang=nl&micols=1&misort=last_mod%7Cdesc&mif1=215&mip1=bontamps&mib1=215",
jhr.mr. L.F.H. Michiels van Kessenich,Roermond,10/06/1873,nee,niet in online archief,,17/08/1921,Velp,,https://www.delpher.nl/nl/kranten/view?coll=ddd&query=%28%22van+Kessenich%22+overleden%29&cql%5B%5D=%28date+_gte_+%2201-01-1909%22%29&cql%5B%5D=%28date+_lte_+%2201-01-1930%22%29&redirect=true&identifier=MMKB23:001854042:mpeg21:a00009&resultsidentifier=MMKB23:001854042:mpeg21:a00009&rowid=1,,,"Niet in Gelders Archief. In Limburgsarchief: 12.089 Burgerlijke Stand in Limburg: Roermond, 1796-1942, Inventarisnummer: 110. https://www.archieven.nl/mi/1540/?mistart=20&mivast=1540&mizig=100&miadt=38&milang=nl&misort=dt%7Cdesc&miview=tbl&mip1=Michiels%20van%20Kessenich",
mr. C.J. van Heusden,Den Bosch,27/08/1850,nee,niet in online archief,,01/08/1872,Den Bosch,,https://www.dbnl.org/tekst/molh003nieu01_01/molh003nieu01_01_1751.php,http://www.bhic.nl/integrated?extended_search&mivast=235&mizig=210&miadt=235&micode=559&milang=nl&miview=inv2#inv3t2,,,
L.H. Rouppe van der Voort,Den Bosch,27/08/1850,nee,niet in online archief,,14/10/1878,Den Bosch,,"https://www.bossche-encyclopedie.nl/personen/rouppe%20van%20der%20voort,%20l.h..htm",,,"De overlijdensakte is wel op naam te vinden, maar de memorie van successie niet: https://www.bhic.nl/memorix/genealogy/search/persons?f=%7B%22search_s_type_title%22:%7B%22v%22:%22overledene%22%7D%7D&ss=%7B%22q%22:%22rouppe%20van%20der%20voort%22%7D",
mr. A.A. Heeren,Den Bosch,27/08/1850,ja,,,,,,,,,,
mr. W.C. van Heurn,Den Bosch,27/08/1850,nee,niet in online archief,,25/01/1903,Den Bosch,,http://www.biografischportaal.nl/persoon/61890783,,,,
mr. N.F.C.J. Sassen,Den Bosch,27/08/1850,ja,,,,,,https://www.parlement.com/id/vg09ll6u3zyn/n_f_c_j_sassen,,,,
mr. J.D.W. Pape,Den Bosch,27/08/1850,nee,nee,,16/01/1878,Arnhem,,https://www.delpher.nl/nl/kranten/view?coll=ddd&query=%28%22mr.+J.D.W.+Pape%22+overleden%29&cql%5B%5D=%28date+_gte_+%2201-01-1878%22%29&redirect=true&identifier=MMKB08:000095112:mpeg21:a0015&resultsidentifier=MMKB08:000095112:mpeg21:a0015&rowid=2,,,Niet in Tafel V-bis Arnhem,
L.D. van Heyst,Den Bosch,27/08/1850,nee,ja,,20/04/1866,Waalwijk,,http://waalwijkwiki.nl/wiki/Leonardus_Dominicus_van_Heijst,,,,
mr. H. Sassen,Den Bosch,11/10/1859,nee,niet in online archief,,10/10/1906,Den Bosch,,https://www.delpher.nl/nl/kranten/view?cql%5B%5D=%28date+_gte_+%2201-01-1881%22%29&query=%22mr.+H.F.A.+Sassen%22+overleden&coll=ddd&redirect=true&identifier=MMKB19:000691104:mpeg21:a00014&resultsidentifier=MMKB19:000691104:mpeg21:a00014&rowid=1,,,H.F.A. Sassen. Niet in personenregister BHIC,
J.A. Nieuwenhuis,Groningen,06/03/1888,,,,,,,,,,,
dr. J.H. Smit,Zuidhorn,06/03/1888,,,,,,,,,,,
D. de Clercq,Leeuwarden,09/06/1891,,,,,,,,,,,
J.C. van den Berg,Schoterland,09/06/1891,,,,,,,,,,,
mr. D.R.B. baron van Lynden,Arnhem,09/06/1891,,,,,,,,,,,
C.J. van Eeghen,Ede,10/04/1894,,,,,,,,,,,
mr. H.J.H. baron van Boetzelaer van Oosterhout,Amersfoort,27/03/1888,,,,,,,,,,,
J.D. van de Velde,Apeldoorn,06/03/1888,,,,,,,,,,,
M.J. Chevallier,Apeldoorn,10/04/1894,,,,,,,,,,,
M. van Waart,Breukelen,10/04/1894,,,,,,,,,,,
P.C.F. Frowein,Den Helder,30/10/1894,,,,,,,,,,,
J.G. van den Bosch,Den Helder,30/10/1894,,,,,,,,,,,
J. Korver,Den Helder,30/10/1894,,,,,,,,,,,
J.C. van Schermbeek,Amsterdam,06/03/1888,,,,,,,,,,,
dr. J.M. Smit,Amsterdam,06/03/1888,,,,,,,,,,,
mr. E.P.F.A. van den Bogaert,Amsterdam,10/04/1894,,,,,,,,,,,
mr. H.L. Lindaal Jacobs,Amsterdam,10/04/1894,,,,,,,,,,,
mr. P.N. Engelberts,Beverwijk,09/06/1891,,,,,,,,,,,
A.N. de Lint,Delft,10/04/1894,,,,,,,,,,,
mr. W.M.H. Boers,Delft,18/05/1894,,,,,,,,,,,
mr. P.N. Engelberts,Schiedam,09/06/1891,,,,,,,,,,,
J.M. Voorhoeve,Rotterdam,06/03/1888,,,,,,,,,,,
mr. J.C.M.F.H. Maschek,Rotterdam,06/03/1888,,,,,,,,,,,
mr. F.N. Sickenga,Dordrecht,10/04/1894,,,,,,,,,,,
D. Stigter,Goes,09/01/1894,,,,,,,,,,,
D. Stigter,Goes,10/04/1894,,,,,,,,,,,
D. Stigter,Goes,24/04/1894,,,,,,,,,,,
C.J. Huvers,Hontenisse,10/04/1894,,,,,,,,,,,
G. Berkers,Sittard,06/03/1888,,,,,,,,,,,
J. Bosch,Amsterdam I,15/06/1897,,,,,,,,,,,
A.L. van Hasselt,Amsterdam I,15/06/1897,,,,,,,,,,,
C.H. Kouw,Amsterdam I,15/06/1897,,,,,,,,,,,
F. van der Goes,Amsterdam III,15/06/1897,,,,,,,,,,,
H.P.C.W.H.J.B. van Son,Amsterdam V,15/06/1897,,,,,,,,,,,
dr. P.J.H. Cuypers,Amsterdam VI,15/06/1897,,,,,,,,,,,
H.P.C.W.H.J.B. van Son,Amsterdam VII,15/06/1897,,,,,,,,,,,
J. Schoonbeek,Appingedam,15/06/1897,,,,,,,,,,,
J. Doornbosch,Appingedam,15/06/1897,,,,,,,,,,,
J.W. Koer,Deventer,15/06/1897,,,,,,,,,,,
mr. D.H. van den Acker,Eindhoven,16/11/1898,,,,,,,,,,,
mr. G.C. Everwijn Lange,Haarlemmermeer,15/06/1897,,,,,,,,,,,
J. Baron,Hilversum,15/06/1897,,,,,,,,,,,
B. Cuperus,Kampen,15/06/1897,,,,,,,,,,,
jhr. M. van den Brandeler,Katwijk,15/06/1897,,,,,,,,,,,
G.J. ten Cate,Lochem,15/06/1897,,,,,,,,,,,
G. van Herwaarden,Loosduinen,15/06/1897,,,,,,,,,,,
T. Tromp,Rotterdam I,15/06/1897,,,,,,,,,,,
mr. J.G. van der Hoop,Steenwijk,15/06/1897,,,,,,,,,,,
R. Boonstra,Zuidhorn,15/06/1897,,,,,,,,,,,
mr. C. baron van Vos van Steenwijk,Zwolle,15/06/1897,,,,,,,,,,,
F. Mol,Gouda,14/06/1901,,,,,,,,,,,
G.J.C.A. Pop,Den Haag III,14/06/1901,,,,,,,,,,,
J. Pattist,Loosduinen,14/06/1901,,,,,,,,,,,
mr. W.C. Bosman,Alkmaar,14/06/1901,,,,,,,,,,,
H.H. Wollring,Amsterdam II,14/06/1901,,,,,,,,,,,
F. Mol,Amsterdam II,14/06/1901,,,,,,,,,,,
A.C. Bleys,Amsterdam III,14/06/1901,,,,,,,,,,,
P.W. Sutorius,Amsterdam V,14/06/1901,,,,,,,,,,,
F.U. Schmidt,Amsterdam VIII,14/06/1901,,,,,,,,,,,
J.H. Wentholt,Haarlemmermeer,14/06/1901,,,,,,,,,,,
J.H. Feringa,Zaandam,14/06/1901,,,,,,,,,,,
dr. W.P. Ruijsch,Breukelen,14/06/1901,,,,,,,,,,,
J.P. Engelman,Schoterland,14/06/1901,,,,,,,,,,,
E. Brader Bz.,Winschoten,14/06/1901,,,,,,,,,,,
H. Bos Kz.,Assen,04/10/1904,,,,,,,,,,,
mr. A.R. Zimmerman,Delft,16/06/1905,,,,,,,,,,,
D. Schut,Amsterdam I,16/06/1905,,,,,,,,,,,
mr. J. baron van Aulnis de Bourouill,Groningen,16/06/1905,,,,,,,,,,,
H.J. de Groot,Den Haag III,11/06/1909,,,,,,,,,,,
W.H. van Bilderbeek,Ridderkerk,11/06/1909,,,,,,,,,,,
F.W.J.G. Snijder van Wissenkerke,Sliedrecht,11/06/1909,,,,,,,,,,,
N. Bosboom,Amsterdam V,11/06/1909,,,,,,,,,,,
K. de Vries Szn.,Dokkum,11/06/1909,,,,,,,,,,,
A. Rauwerda,Franeker,11/06/1909,,,,,,,,,,,
N.J. Bosch,Kampen,11/06/1909,,,,,,,,,,,
H.J. Kenter,Winschoten,11/06/1909,,,,,,,,,,,
jhr. L.A.S.J. de Milly van Heiden Reinestein,Assen,11/06/1909,,,,,,,,,,,
H. Bos Kz.,Assen,11/06/1909,,,,,,,,,,,
F.L.S.F. baron van Tuyl van Serooskerken van Zuylen,Breukelen,22/09/1909,nee,,,15/10/1934,Locarno (Zwitserland) ,,https://www.delpher.nl/nl/kranten/view?query=%22F.L.S.F.+van+Tuyll+van+Serooskerken+van+Zuylen%22&coll=ddd&identifier=ddd:010015615:mpeg21:a0005&resultsidentifier=ddd:010015615:mpeg21:a0005&rowid=1,,,,
H.T. s' Jacob,Hilversum,01/02/1912,,,,,,,,,,,
W. Fransen Jzn.,Leeuwarden,17/06/1913,,,,,,,,,,,
E. Deen,Den Haag I,17/06/1913,,,,,,,,,,,
mr. T.B. Pleijte,Amsterdam IX,17/06/1913,,,,,,,,,,,
J. Korthals Altes,Haarlemmermeer,17/06/1913,,,,,,,,,,,
C.J. van der Hegge Spies,Den Helder,17/06/1913,,,,,,,,,,,
J. Welleman,Hontenisse,17/06/1913,,,,,,,,,,,
A. van der Heide,Utrecht I,17/06/1913,,,,,,,,,,,
W.J.C. van Santen,Franeker,17/06/1913,,,,,,,,,,,
J.H. Anema,Harlingen,17/06/1913,,,,,,,,,,,
mr.dr. A.D.H. Fockema Andreae,Harlingen,17/06/1913,,,,,,,,,,,
J.H. Faber,Tietjerksteradeel,17/06/1913,,,,,,,,,,,
mr. E.J. Thomassen Ã Thuessink van der Hoop van Slochteren,Appingedam,17/06/1913,,,,,,,,,,,
A. van der Heide,Assen,17/06/1913,,,,,,,,,,,
J.T. Verheggen,Roermond,17/06/1913,,,,,,,,,,,
A.H. Gijzels,Sittard,17/06/1913,,,,,,,,,,,
C.J. Kuiper,Amsterdam III,04/11/1913,,,,,,,,,,,
A.P.H.K.J. Kellenaers,Weert,27/04/1916,,,,,,,,,,,
jhr. J. Beelaerts van Blokland,Tiel,08/12/1916,,,,,,,,,,,
S.W. de Clercq,Haarlemmermeer,02/12/1916,,,,,,,,,,,
dr. J. Schrijver,Amsterdam V,15/06/1917,,,,,,,,,,,
dr. F. van Eeden,Amsterdam VIII,15/06/1917,,,,,,,,,,,