,Naam,District,Verkiezingdatum,InTKEK,Gevonden,Gebdatum,Sterfdatum,Sterfplaats,Vermogen,Link1,Link2,Polpartij,Opm
0,mr. J. van Riemsdijk,Almelo,02/01/1849,nee,ja,,01/11/1879,Almelo,,https://www.genealogieonline.nl/en/genealogie-stroink/I197.php,,,
1,mr. H. van Sonsbeeck,Enschede,30/11/1848,nee,nee,,29/11/1865,Heino,,,,,Voor 1877
2,mr. H. van Sonsbeeck,Enschede,16/12/1848,nee,nee,,29/11/1865,Heino,,,,,Voor 1877
3,mr. R.W. Tadema,Zutphen,30/11/1848,nee,nee,,11/05/1860,Zutphen,,,,,Voor 1877
4,J.G. Dolmans,Ysselstein,30/11/1848,nee,nee,,29/01/1856,Maarsseveen,,https://www.genealogieonline.nl/en/stamboom-ronnen/I23826.php,,,Voor 1877
5,W. de la Haye,Sittard,30/11/1848,nee,niet in online archief ,03/03/1829,13/11/1895,Munstergeleen (gemeente Sittard-Geleen),,https://www.genealogieonline.nl/stamboom-nicolai-kolb/I96664844.php,,,
6,W. de la Haye,Sittard,09/12/1848,nee,niet in online archief ,03/03/1829,13/11/1895,Munstergeleen (gemeente Sittard-Geleen),,https://www.genealogieonline.nl/stamboom-nicolai-kolb/I96664844.php,,,
7,D. Mulder Dzn.,Winschoten,12/03/1878,nee,ja,27/11/1825,17/09/1889,Amsterdam,,https://genealogiewinschoten.nl/diversen/oud-nieuws-uit-winschoten/1879-failissement-effectenhandelaar-mulder-leidt-tot-volksopstand,https://noord-hollandsarchief.nl/bronnen/archieven?mivast=236&mizig=210&miadt=236&micode=178&milang=nl&mizk_alle=memorie%20van%20successie&miview=inv2#inv3t2,,
8,D. Mulder Dzn.,Winschoten,10/06/1879,nee,ja,27/11/1825,17/09/1889,Amsterdam,,https://genealogiewinschoten.nl/diversen/oud-nieuws-uit-winschoten/1879-failissement-effectenhandelaar-mulder-leidt-tot-volksopstand,https://noord-hollandsarchief.nl/bronnen/archieven?mivast=236&mizig=210&miadt=236&micode=178&milang=nl&mizk_alle=memorie%20van%20successie&miview=inv2#inv3t2,,
9,mr. D. Wicherlink,Zwolle,28/10/1884,nee,nee,,12/12/1915,Ginneken,,https://www.geni.com/people/Dani%C3%ABl-Wicherlink/6000000037101792022,https://www.bhic.nl/memorix/genealogy/search/persons?ss=%7B%22q%22:%22wicherlink%22%7D,,"Overlijdensakte wel in Noord-Brabants archief, maar memorie niet. Ook niet in Tafel V-bis Zwolle. "
10,mr. R.A. Fockema,Zwolle,15/06/1886,nee,nee,,24/12/1939,Bloemendaal,,https://www.genealogieonline.nl/en/genealogy-harssema/I58992.php,,,"Pas in 1939 overleden, geen memorie van successie."
11,mr. D. Wicherlink,Zwolle,15/06/1886,nee,nee,,12/12/1915,Ginneken,,https://www.geni.com/people/Dani%C3%ABl-Wicherlink/6000000037101792022,https://www.bhic.nl/memorix/genealogy/search/persons?ss=%7B%22q%22:%22wicherlink%22%7D,,"Overlijdensakte wel in Noord-Brabants archief, maar memorie niet. Ook niet in Tafel V-bis Zwolle. "
12,mr. R.A. Fockema,Zwolle,01/09/1887,nee,nee,,24/12/1939,Bloemendaal,,https://www.genealogieonline.nl/en/genealogy-harssema/I58992.php,,,"Pas in 1939 overleden, geen memorie van successie."
13,mr. B.G. ten Pol,Almelo,11/09/1850,nee,nee,,22/08/1860,Ootmarsum,,https://www.genealogieonline.nl/stamboom-hegeman/I45264.php,,,Voor 1877
14,mr. S.J. baron van Pallandt,Almelo,08/06/1875,nee,ja,,,,,,,,
15,mr. S.J. baron van Pallandt,Almelo,22/06/1875,nee,ja,,,,,,,,
16,H.P. Gelderman,Almelo,10/06/1879,nee,ja,,,,,,,,
17,J.E. Stork,Almelo,28/10/1884,nee,ja,,,,,,,,
18,J.E. Stork,Almelo,11/11/1884,nee,ja,,,,,,,,
19,mr. B.A. Reigers,Zutphen,30/10/1866,nee,ja,,,,,,,,
20,jhr.mr. H.B. van Tets,Zutphen,05/12/1882,nee,ja,,,,,,,,
21,jhr.mr. H.B. van Tets,Zutphen,12/06/1883,nee,ja,,,,,,,,
22,K.W. van Gorkom,Zutphen,28/10/1884,nee,niet in online archief,22/08/1835,10/03/1910,Baarn,,https://nl.wikipedia.org/wiki/Karel_van_Gorkom,,,
23,P.C.G. Guyot,Arnhem,24/09/1850,nee,ja,30/05/1800,17/02/1861,s-Gravenhage,,http://www.biografischportaal.nl/persoon/61246323,https://www.nationaalarchief.nl/onderzoeken/archief/3.06.05/invnr/3702/file/NL-HaNA_3.06.05_3702_0001,,
24,mr. G.J.C. Schneither,Arnhem,24/09/1850,nee,nee,19/02/1795,16/03/1877,Arnhem,,https://www.genealogieonline.nl/stamboom-kalhorn-everaers/I1751.php,https://www.nationaalarchief.nl/onderzoeken/archief/3.06.05/invnr/4196/file,,
25,P.C.G. Guyot,Arnhem,08/10/1850,nee,ja,30/05/1800,17/02/1861,s-Gravenhage,,http://www.biografischportaal.nl/persoon/61246323,https://www.nationaalarchief.nl/onderzoeken/archief/3.06.05/invnr/3702/file/NL-HaNA_3.06.05_3702_0001,,
26,mr. G.J.C. Schneither,Arnhem,08/10/1850,nee,nee,19/02/1795,16/03/1877,Arnhem,,https://www.genealogieonline.nl/stamboom-kalhorn-everaers/I1751.php,https://www.nationaalarchief.nl/onderzoeken/archief/3.06.05/invnr/4196/file,,Niet in archief Gelderland en ook niet bij Leiden (ZH). Misschien omdat sterfdatum in 1877 is.
27,J.A. Alberdingk Thijm,Amersfoort,13/06/1871,nee,nee,13/08/1820,17/03/1889,Amsterdam,,https://nl.wikipedia.org/wiki/Joseph_Alberdingk_Thijm,,,Niet kunnen vinden in Tafel V-bis van kantoren in Amsterdam
28,J.F.H. Bekhuis,Hilversum,09/05/1882,nee,niet in online archief,,22/12/1901,Leeuwarden,,https://studiezaal.nijmegen.nl/detail.php?id=546450343&query=J.F.H.%20Bekhuis%20overleden&highlight=Si5GLkguIEJla2h1aXMgb3ZlcmxlZGVu,https://www.openarch.nl/frl:84e0afb5-f0ec-ab10-3868-3a20353e2d48,,"https://allefriezen.nl/zoeken/persons?sa=%7B%22person_1%22:%7B%22search_t_geslachtsnaam%22:%22bekhuis%22%7D,%22search_s_register_type_title%22:%5B%22Memories%20van%20successie%22%5D%7D"
29,mr. W. Terpstra,Hoorn,12/06/1866,nee,niet in online archief,1828?,13/11/1895,Leeuwarden/Hoorn,,https://www.delpher.nl/nl/kranten/view?query=%22mr.+W.+Terpstra%22+1895&facets%5Bperiode%5D%5B%5D=0%7C19e_eeuw%7C&page=1&coll=ddd&identifier=ddd:010592383:mpeg21:a0062&resultsidentifier=ddd:010592383:mpeg21:a0062,https://www.delpher.nl/nl/kranten/view?query=Terpstra+AND+1895+&coll=ddd&page=1&facets%5Bperiode%5D%5B%5D=0%7C19e_eeuw%7C&identifier=MMWFA01:000206117:mpeg21:a00013&resultsidentifier=MMWFA01:000206117:mpeg21:a00013,,"Was oud rector van een gymansium in Rotterdam en daarna president van het gerechtshof in Leeuwarden. Niet in Tafel V-bis van Hoorn. De benodigde Tafel V-bis van Rotterdam is niet digitaal beschikbaar. Misschien daar, of in Leeuwarden?"
30,jhr.mr. H.G.C.L. Janssens,Alkmaar,25/10/1870,nee,ja,,,,,,,,
31,W. Bos,Alkmaar,28/10/1884,nee,ja,,,,,,,,
32,jhr. M. Salvador,Haarlem,10/06/1862,nee,ja,,30/10/1884,Bloemendaal,,https://www.genealogieonline.nl/fr/stamboom-driessen/I222045.php,,,
33,mr. T.M.C. Asser,Amsterdam,08/02/1870,nee,niet in online archief,,29/07/1913,Den Haag,,https://www.parlement.com/id/vg09lly4ewyr/t_m_c_tobias_asser,,,
34,J.P. de Bordes,Amsterdam,13/06/1871,nee,ja,,05/01/1899,Den Haag,,http://www.biografischportaal.nl/persoon/19309408,https://www.nationaalarchief.nl/onderzoeken/archief/3.06.05/invnr/3874/file/NL-HaNA_3.06.05_3874_0014?tab=download,,
35,J.P. de Bordes,Amsterdam,27/06/1871,nee,ja,,05/01/1899,Den Haag,,http://www.biografischportaal.nl/persoon/19309408,https://www.nationaalarchief.nl/onderzoeken/archief/3.06.05/invnr/3874/file/NL-HaNA_3.06.05_3874_0014?tab=download,,
36,mr. H.A. Neeb,Leiden,22/06/1869,nee,ja,,,,,,,,
37,mr. H.A. Neeb,Leiden,01/04/1873,nee,ja,,,,,,,,
38,mr. H.A. Neeb,Leiden,12/06/1877,nee,ja,,,,,,,,
39,mr. J.B.L. Wentholt,Gouda,14/06/1864,nee,ja,,,,,,,,
40,mr. J.B.L. Wentholt,Gouda,13/06/1871,nee,ja,,,,,,,,
41,mr. J.T. Buys,Gouda,10/06/1873,nee,ja,,,,,,,,
42,dr. T.C.L. Wijnmalen,Gouda,12/06/1877,nee,ja,,,,,,,,
43,mr. A.A. van Bergen Ijzendoorn,Gouda,14/06/1881,nee,ja,,,,,,,,
44,J. van der Breggen,Gouda,28/10/1884,nee,ja,,,,,,,,
45,jhr.mr. H.G.C.L. Janssens,Delft,12/06/1860,nee,ja,,,,,,,,
46,C.J. Vaillant,Delft,10/06/1873,nee,ja,,,,,,,,
47,C.J. Vaillant,Delft,24/06/1873,nee,ja,,,,,,,,
48,C.J. Vaillant,Delft,08/06/1875,nee,ja,,,,,,,,
49,C.J. Vaillant,Delft,22/06/1875,nee,ja,,,,,,,,
50,mr. A.M. Maas Geesteranus,Delft,15/06/1886,nee,ja,,,,,,,,
51,mr. D. Mulder,Breda,25/02/1862,nee,nee,,,,,https://www.delpher.nl/nl/kranten/view?facets%5Bperiode%5D%5B%5D=0%7C19e_eeuw%7C&query=d.+mulder+advocaat+breda&coll=ddd&resultsidentifier=MMGARO01:000166890:mpeg21:a0003&identifier=MMGARO01:000166890:mpeg21:a0003,https://www.archieven.nl/nl/zoeken?mivast=0&mizig=210&miadt=235&miaet=1&micode=361&minr=771838&miview=inv2,,"https://www.bhic.nl/memorix/genealogy/search/persons?sa=%7B%22person_1%22:%7B%22search_t_geslachtsnaam%22:%22Mulder%22%7D,%22search_s_deed_type_title%22:%5B%22memorie%20van%20successie%22%5D%7D&sort=%7B%22order_i_datum%22:%22asc%22%7D&page=4"
52,mr. J.H. van Mierlo,Breda,25/02/1862,nee,niet in online archief,07/09/1816,19/04/1905,Breda,,https://fokas.nl/old-and-rare-1490-1850/,https://www.genealogieonline.nl/genealogie-van-mierlo/I4841.php,,
53,mr. P.E.A. Janssens,Breda,22/01/1868,nee,ja,06/08/1821,15/01/1881,Roosendaal,,https://www.openarch.nl/wba:6c33274c-b7de-00f0-2382-7629d846de6c,https://www.openarch.nl/bhi:c5a381f9-0814-f149-7463-fb916219f9cc/nl,,"https://www.bhic.nl/memorix/genealogy/search/persons?sa=%7B%22person_1%22:%7B%22search_t_geslachtsnaam%22:%22janssens%22%7D,%22search_s_deed_type_title%22:%5B%22memorie%20van%20successie%22%5D%7D&sort=%7B%22order_i_datum%22:%22asc%22%7D&page=13"
54,dr. T.C.L. Wijnmalen,Zevenbergen,23/04/1878,nee,ja,,,,,,,,
55,J.H.A. Diepen,Zevenbergen,07/05/1878,nee,ja,11/06/1815,20/06/1897,Tilburg,,https://wikimiddenbrabant.nl/Diepenstraat_(Tilburg),"https://www.bhic.nl/memorix/genealogy/search/persons?sa=%7B%22person_1%22:%7B%22search_t_geslachtsnaam%22:%22Diepen%22%7D,%22search_s_deed_type_title%22:%5B%22memorie%20van%20successie%22%5D%7D&sort=%7B%22order_i_datum%22:%22asc%22%7D&page=3",,
56,mr. H.A. van Mens,Tilburg,19/01/1864,nee,ja,,08-03-1893,Breda,,"https://www.bhic.nl/memorix/genealogy/search/persons?sa=%7B%22person_1%22:%7B%22search_t_geslachtsnaam%22:%22Mens%22%7D,%22search_s_deed_type_title%22:%5B%22memorie%20van%20successie%22%5D%7D&sort=%7B%22order_i_datum%22:%22asc%22%7D&page=5",,,"Memories van successie Breda deel 149, inventarisnummer 149, aktenummer 84"
57,mr. D. Mulder,Tilburg,03/02/1864,nee,nee,,,,,https://www.delpher.nl/nl/kranten/view?facets%5Bperiode%5D%5B%5D=0%7C19e_eeuw%7C&query=d.+mulder+advocaat+breda&coll=ddd&resultsidentifier=MMGARO01:000166890:mpeg21:a0003&identifier=MMGARO01:000166890:mpeg21:a0003,https://www.archieven.nl/nl/zoeken?mivast=0&mizig=210&miadt=235&miaet=1&micode=361&minr=771838&miview=inv2,,
58,J.H.A. Diepen,Tilburg,23/11/1880,nee,ja,11/06/1815,20/06/1897,Tilburg,,https://wikimiddenbrabant.nl/Diepenstraat_(Tilburg),"https://www.bhic.nl/memorix/genealogy/search/persons?sa=%7B%22person_1%22:%7B%22search_t_geslachtsnaam%22:%22Diepen%22%7D,%22search_s_deed_type_title%22:%5B%22memorie%20van%20successie%22%5D%7D&sort=%7B%22order_i_datum%22:%22asc%22%7D&page=3",,
59,J.F. van der Heyde,Tilburg,23/11/1880,nee,nee,,,,,,,,
60,J.H.A. Diepen,Tilburg,07/12/1880,nee,ja,11/06/1815,20/06/1897,Tilburg,,https://wikimiddenbrabant.nl/Diepenstraat_(Tilburg),"https://www.bhic.nl/memorix/genealogy/search/persons?sa=%7B%22person_1%22:%7B%22search_t_geslachtsnaam%22:%22Diepen%22%7D,%22search_s_deed_type_title%22:%5B%22memorie%20van%20successie%22%5D%7D&sort=%7B%22order_i_datum%22:%22asc%22%7D&page=3",,
61,mr. M. van den Acker,Eindhoven,17/05/1853,nee,ja,,15/07/1871,Eindhoven,,https://www.heemkundekring-hlz.nl/heemkronijken/item/434/de-strijd-om-de-tienden-van-heeze-en-leende-3,"https://www.bhic.nl/memorix/genealogy/search/persons?sa=%7B%22person_1%22:%7B%22search_t_geslachtsnaam%22:%22acker%22%7D,%22search_s_deed_type_title%22:%5B%22memorie%20van%20successie%22%5D%7D&sort=%7B%22order_i_datum%22:%22desc%22%7D",,
62,J.H.A. Diepen,Eindhoven,10/06/1879,nee,ja,11/06/1815,20/06/1897,Tilburg,,https://wikimiddenbrabant.nl/Diepenstraat_(Tilburg),"https://www.bhic.nl/memorix/genealogy/search/persons?sa=%7B%22person_1%22:%7B%22search_t_geslachtsnaam%22:%22Diepen%22%7D,%22search_s_deed_type_title%22:%5B%22memorie%20van%20successie%22%5D%7D&sort=%7B%22order_i_datum%22:%22asc%22%7D&page=3",,
63,mr. F.G.J. baron van Rijckevorsel van Kessel,Den Bosch,11/09/1850,nee,ja,01/07/1815,24/05/1879,Den Bosch,,"http://www.bossche-encyclopedie.nl/personen/rijckevorsel%20van%20kessel,%20ferdinandus%20gerardus%20josephus%20van%20(1879).htm?p1=_index.1.htm?title=Personen&t1=Personen&title=Ferdinandus%20Gerardus%20Josephus%20van%20Rijckevorsel%20van%20Kessel","https://www.bhic.nl/memorix/genealogy/search/persons?sa=%7B%22person_1%22:%7B%22search_t_geslachtsnaam%22:%22kessel%22%7D,%22search_s_deed_type_title%22:%5B%22memorie%20van%20successie%22%5D%7D&sort=%7B%22order_i_datum%22:%22asc%22%7D&page=15",,
64,mr. J.H.A.M. Essink,Ommen,09/06/1891,nee,ja,,18/01/1918,,,https://www.genealogieonline.nl/en/genealogie-koek/I11757.php,,RKSP,
65,mr. J.H.A.M. Essink,Enschede,09/06/1891,nee,ja,,18/01/1918,,,https://www.genealogieonline.nl/en/genealogie-koek/I11757.php,,RKSP,
66,mr. J.H.A.M. Essink,Enschede,23/06/1891,nee,ja,,18/01/1918,,,https://www.genealogieonline.nl/en/genealogie-koek/I11757.php,,RKSP,
67,W. Bos,Enkhuizen,06/03/1888,nee,ja,,,,,,,,
68,W. Bos,Enkhuizen,28/10/1890,nee,ja,,,,,,,,
69,E.J.J. Kuinders,Amsterdam,06/03/1888,nee,niet in online archief,,21/01/1916,Hilversum,,https://www.genealogieonline.nl/en/database-van-broekhoven/I76667.php,https://www.openarch.nl/nha:76a1e5a7-afd4-4fda-9cd1-165843666bec/en,,"Overlijdensakte in NH archief (Haarlem), maar Kuinders staat daar niet in de Tafel V-bis. Waarschijnlijk dus toch in Hilversum. "
70,W. Bos,Beverwijk,09/06/1891,nee,ja,,,,,,,,
71,W. Bos,Beverwijk,23/06/1891,nee,ja,,,,,,,,
72,dr. T.C.L. Wijnmalen,Haarlemmermeer,09/06/1891,nee,ja,,,,,,,,
73,J.G. van Schaardenburg,Dordrecht,26/03/1889,nee,ja,,,,,,,,
74,F.G. Mellink Pzn.,Amsterdam II,15/06/1897,nee,ja,,,,,,,,
75,F.G. Mellink Pzn.,Amsterdam II,25/06/1897,nee,ja,,,,,,,,
76,J. Hoven,Zwolle,25/06/1897,nee,ja,,,,,,,,
77,C.A. Zelvelder,Alkmaar,31/03/1903,nee,nee,1853?,12/06/1937,Baarn,,https://www.delpher.nl/nl/kranten/view?query=%22C.A.+Zelvelder%22+AND+overleden&coll=ddd&identifier=ddd:010607072:mpeg21:a0004&resultsidentifier=ddd:010607072:mpeg21:a0004,,,"Na 1927 overleden, dus zal geen memorie van successie zijn opgesteld. Misschien wel bij belastingdienst"
78,J.H. Tromp Meesters,Steenwijk,16/06/1905,nee,ja,,,,,,,,
79,mr. S.C.H. Piccardt,Winschoten,30/11/1848,nee,niet in online archief,25/02/1787,12/04/1862,Oude Pekela,,https://www.google.com/url?sa=t&rct=j&q=&esrc=s&source=web&cd=&ved=2ahUKEwjKs_j8p6ruAhVYPuwKHWocCP4QFjAPegQIBxAC&url=http%3A%2F%2Fwww.kapiteinshuis.nl%2Fwp-content%2Fuploads%2F2012%2F03%2FKapiteinshuis2014_nieuw.pdf&usg=AOvVaw3hO60l5xV4Aj55ibjXiJPw,http://www.wikipekela.nl/wiki/sophius_conraad_hinderik_piccardt,,
80,mr. W.J. Mees,Appingedam,27/12/1848,nee,nee,11/09/1815,28/02/1869,Newark (Ohio),,https://www.genealogieonline.nl/genealogie-mees/I1001450410.php,,,
81,mr. D. Bonthuis,Appingedam,27/12/1848,nee,niet in online archief,1815,11/04/1905,Vliethoven,,https://www.delpher.nl/nl/kranten/view?query=%22D.+Bonthuis%22+AND+overleden&coll=ddd&identifier=MMKB12:000183178:mpeg21:a00063&resultsidentifier=MMKB12:000183178:mpeg21:a00063,,,
82,P.W. Wiertsema,Appingedam,27/12/1848,nee,niet in online archief,,26/01/1870,Bierum,,https://www.delpher.nl/nl/kranten/view?objectsearch=Wiertsema&coll=ddd&resultsidentifier=ddd:010097964:mpeg21:a0021&page=1&identifier=ddd:010097964:mpeg21:a0021&facets%5Bperiode%5D%5B%5D=0%7C19e_eeuw%7C&query=%22P.W.+Wiertsema%22,,ARP,
83,W. Waalkens,Appingedam,27/12/1848,nee,niet in online archief,,22/09/1858,Veendam,,https://www.openarch.nl/gra:4e16ce84-a1d0-6ea1-2fb4-beea71acfded/nl,,,
84,J.D.C.C.W. baron van Ablaing van Giessenburg,Amersfoort,30/11/1848,ja,,,,,,,,,
85,J.D.C.C.W. baron van Ablaing van Giessenburg,Amersfoort,07/12/1848,ja,,,,,,,,,
86,mr. L. Luzac,Gouda,30/11/1848,ja,,,,,,,,,
87,A. Vogelsang,Ridderkerk,30/11/1848,nee,ja,1807,30/06/1877,Oud-Beijerland,,https://www.nationaalarchief.nl/onderzoeken/archief/3.06.05/invnr/4537/file/NL-HaNA_3.06.05_4537_0171,https://www.openarch.nl/rzh:37db55b1-aff0-4249-b613-5356f2a416bc/nl,,
88,L. Kluit,Ridderkerk,30/11/1848,nee,ja,11/07/1786,11/03/1858,Mijnsheerenland,,https://www.genealogieonline.nl/stamboom-baris/I106621.php,https://www.nationaalarchief.nl/onderzoeken/archief/3.06.05/invnr/4518/file/NL-HaNA_3.06.05_4518_0098?tab=download,,
89,P.J. de Raadt van Hendrik-Ido-Ambacht,Ridderkerk,30/11/1848,nee,ja,1788,10/05/1870,Dordrecht,,https://www.nationaalarchief.nl/onderzoeken/archief/3.06.05/invnr/2917/file/NL-HaNA_3.06.05_2917_0467,https://www.delpher.nl/nl/kranten/view?objectsearch=%22Raadt+van+Hendrik%22&coll=ddd&resultsidentifier=MMKB08:000089396:mpeg21:a0008&identifier=MMKB08:000089396:mpeg21:a0008&query=%22P.J.+de+Raadt+van+Hendrik+Ido+Ambacht%22,,
90,A. Vogelsang,Ridderkerk,09/12/1848,nee,ja,1807,30/06/1877,Oud-Beijerland,,https://www.nationaalarchief.nl/onderzoeken/archief/3.06.05/invnr/4537/file/NL-HaNA_3.06.05_4537_0171,https://www.openarch.nl/rzh:37db55b1-aff0-4249-b613-5356f2a416bc/nl,,
91,jhr. E. de Wendt Alberda van Ekenstein,Zuidhorn,07/04/1869,nee,niet in online archief,09/09/1821,27/11/1890,Groningen,,https://www.genealogieonline.nl/stamboom-helmantel/I18815.php,,,
92,H.W. Wierda,Zuidhorn,07/04/1869,nee,niet in online archief,13/04/1808,07/01/1894,Winsum,,http://www.greetsgenealogie.nl/gezinskaart-van-hendrik-willems-wierda-1808-1894/,,,
93,H.W. Wierda,Zuidhorn,08/06/1869,nee,niet in online archief,13/04/1808,07/01/1894,Winsum,,http://www.greetsgenealogie.nl/gezinskaart-van-hendrik-willems-wierda-1808-1894/,,,
94,P.W.A. Cort van der Linden,Groningen,28/10/1884,ja,,,,,,,,,
95,J.G. Nederhoed,Appingedam,12/06/1883,nee,niet in onine archief,03/07/1835,09/10/1898,Middelstum,,http://nl.wikisage.org/wiki/Jelte_Nederhoed,,,
96,T. Borgesius,Winschoten,18/07/1864,nee,niet in onine archief,01/06/1816,13/04/1888,Oude Pekela,,https://nl.wikipedia.org/wiki/Tjakko_Borgesius,,,
97,mr. W. Woldringh,Winschoten,18/07/1864,nee,ja,,24/03/1894,Ellecom,,https://www.google.com/url?sa=t&rct=j&q=&esrc=s&source=web&cd=&cad=rja&uact=8&ved=2ahUKEwiVnrTK-rvuAhVCPBoKHYcBCa4QFjAEegQIBhAC&url=https%3A%2F%2Fwww.oudheidkundigekring.nl%2Fwp-content%2Fuploads%2F2017%2F09%2FNo.-48-02-1971.pdf&usg=AOvVaw18Nwny1G0H_ig63yv4dZP4,https://www.geldersarchief.nl/bronnen/archieven?mivast=37&mizig=210&miadt=37&micode=0021&miview=inv2#inv3t2,,
98,T. Borgesius,Winschoten,02/08/1864,nee,niet in onine archief,01/06/1816,13/04/1888,Oude Pekela,,https://nl.wikipedia.org/wiki/Tjakko_Borgesius,,,
99,L.G. Brock,Winschoten,26/02/1878,nee,nee,,,,,https://krantenbankzeeland.nl/issue/zni/1868-06-03/edition/0/page/1?query=,,,Minister van Marine?
100,A. Winkler Prins,Winschoten,01/09/1887,nee,niet in onine archief,30/01/1817,04/01/1908,Voorburg,,https://nl.wikipedia.org/wiki/Anthony_Winkler_Prins,,,
101,jhr.mr. O.Q. van Swinderen,Winschoten,01/09/1887,nee,niet in online archief,20/09/1812,28/11/1870,Midlaren (Drenthe),,https://nl.wikipedia.org/wiki/Oncko_Quirijn_Jacob_Johan_van_Swinderen,,,
102,J.G. Nederhoed,Winschoten,01/09/1887,nee,niet in onine archief,03/07/1835,09/10/1898,Middelstum (Groningen),,http://nl.wikisage.org/wiki/Jelte_Nederhoed,,,
103,mr. J.H. Smidt,Winschoten,01/09/1887,ja,,11/10/1831,14/03/1917,Den Haag,,https://krantenbankzeeland.nl/issue/zui/1880-10-05/edition/0/page/2?query=,,,"Hendrik Jan Smidt, minister van Justitie?"
104,J. Hessels Tacoma,Leeuwarden,12/06/1860,nee,niet in online archief,10/01/1835,07/10/1902,Wonseradeel (Friesland),,https://www.genealogieonline.nl/stamboom-aalbers-ruitenbach/I9745.php,,,
105,J. Hessels Tacoma,Leeuwarden,30/10/1860,nee,niet in online archief,10/01/1835,07/10/1902,Wonseradeel (Friesland),,https://www.genealogieonline.nl/stamboom-aalbers-ruitenbach/I9745.php,,,
106,mr. B. Rinia van Nauta,Sneek,13/06/1854,nee,nee,23/11/1787,12/01/1860,Den Haag,,https://www.stamboomonderzoek.com/cjnauta/getperson.php?personID=I3582,,,Voor 1877
107,L. Britzel,Sneek,12/06/1860,nee,niet in online archief,06/04/1810,27/03/1883,Makkum,,https://www.genealogieonline.nl/us-heit-en-mem-tichelaar-en-westra/I503834.php,https://www.archieven.nl/nl/zoeken?miview=inv2&mivast=0&mizig=210&miadt=36&miahd=205050&milang=nl,,
108,jhr.mr. O.Q.J.J. van Swinderen,Sneek,14/06/1864,nee,niet in online archief,20/09/1812,28/11/1870,Midlaren (Drenthe),,https://nl.wikipedia.org/wiki/Oncko_Quirijn_Jacob_Johan_van_Swinderen,,,
109,J. Wolbers,Sneek,10/06/1873,nee,niet in online archief,26/07/1819,22/09/1889,Utrecht,,https://nl.wikipedia.org/wiki/Julien_Wolbers,,,
110,J. Binkes,Sneek,08/06/1875,nee,ja,13/05/1828,29/03/1891,Den Haag,,https://www.delpher.nl/nl/kranten/view?query=%22johan+willem+binkes%22&coll=ddd&identifier=MMKB19:000917163:mpeg21:a00052&resultsidentifier=MMKB19:000917163:mpeg21:a00052&rowid=6,https://www.nederlandsekrijgsmacht.nl/index.php/km/366-marineofficieren/marine/artikelen-marinepersoneel/259-johan-willem-binkes,,
111,mr. W. baron van Heemstra,Sneek,14/06/1881,nee,niet in online archief,21/07/1841,27/10/1909,Doorn,,https://www.delpher.nl/nl/kranten/view?query=W.+baron+van+Heemstra+%22Sneek%22+1881&coll=ddd&identifier=ddd:010587937:mpeg21:a0003&resultsidentifier=ddd:010587937:mpeg21:a0003&rowid=4,https://nl.wikipedia.org/wiki/Willem_Hendrik_Johan_van_Heemstra,,
112,jhr. A. Lycklama Ã Nijeholt,Sneek,28/10/1884,nee,niet in online archief,07/071842,26/10/1906,Doorn,,https://www.genealogieonline.nl/stamboom-lycklama-a-nijeholt/I26862155.php,,,
113,K. Kater,Sneek,01/09/1887,nee,ja,15/10/1833,26/10/1916,Amsterdam,,https://socialhistory.org/bwsa/biografie/kater,https://noord-hollandsarchief.nl/bronnen/archieven?mivast=236&mizig=210&miadt=236&micode=178&milang=nl&mizk_alle=memorie%20van%20successie&miview=inv2#inv3t2,,
114,jhr.mr. D. de Blocq van Haersma de With,Dokkum,17/05/1853,nee,niet in online archief,17/05/1797,19/08/1857,Buitenpost,,http://www.biografischportaal.nl/persoon/65527439,,,
115,jhr. J.A. Lycklama Ã Nijeholt,Dokkum,25/01/1859,nee,nee,03/12/1809,19/04/1891,Den Haag,,https://nl.wikipedia.org/wiki/Jan_Anne_Lycklama_%C3%A0_Nijeholt,,,Niet op logische plaats in memorie van successie nummer 3823. En van 1891 ontbreekt een Tafel V-bis. 
116,W. Reilingh,Dokkum,10/06/1873,nee,niet in online archief,27/08/1825,04/06/1876,Groningen,,http://genea.skuipers.eu/bekenkamp/bekenkamp.htm#BM2452,,,
117,mr. B.J. Gratama,Dokkum,08/06/1875,nee,ja,07/09/1822,26/06/1886,Delft,,https://nl.wikipedia.org/wiki/Bernard_Jan_Gratama,https://www.nationaalarchief.nl/onderzoeken/archief/3.06.05/invnr/2731/file/NL-HaNA_3.06.05_2731_0541?tab=download,,
118,mr. B.J. Gratama,Dokkum,14/06/1881,nee,ja,07/09/1822,26/06/1886,Delft,,https://nl.wikipedia.org/wiki/Bernard_Jan_Gratama,https://www.nationaalarchief.nl/onderzoeken/archief/3.06.05/invnr/2731/file/NL-HaNA_3.06.05_2731_0541?tab=download,,
119,J. de Jong,Dokkum,28/10/1884,nee,nee,,,,,,,,
120,mr. A.J. Dijckmeester,Steenwijk,12/06/1883,ja,,,,,,,,,
121,mr. A.J. Dijckmeester,Steenwijk,28/10/1884,ja,,,,,,,,,
122,mr. J.C. Bijsterbos,Zwolle,08/06/1852,nee,ja,16/08/1814,13/10/1898,Zwolle,,https://www.wieiswieinoverijssel.nl/zoekresultaten/p2/392,https://www.archieven.nl/nl/zoeken?mivast=0&mizig=210&miadt=141&micode=0136.4&miview=inv2#inv3t2,,
123,mr. S.J. van Roijen,Zwolle,12/06/1883,nee,niet in online archief,,15/12/1909,Den Haag,,https://nl.wikipedia.org/wiki/Van_Royen_(Berlicum),https://www.genealogieonline.nl/en/stamboom-driessen/I141660.php,,"dr. Stephanus Jacobus van Royen (1828-1909), doctor in de wis-, natuur-, genees- en verloskunde. Nationaal archief band 7251 (ontbreekt) of 6498 (niet gedigitaliseerd). "
124,mr. S.J. van Roijen,Zwolle,28/10/1884,nee,niet in online archief,,15/12/1909,Den Haag,,https://nl.wikipedia.org/wiki/Van_Royen_(Berlicum),https://www.genealogieonline.nl/en/stamboom-driessen/I141660.php,,"dr. Stephanus Jacobus van Royen (1828-1909), doctor in de wis-, natuur-, genees- en verloskunde. Nationaal archief band 7251 (ontbreekt) of 6498 (niet gedigitaliseerd). "
125,mr. D. Wicherlink,Zwolle,01/09/1887,nee,nee,,12/12/1915,Ginneken,,https://www.geni.com/people/Dani%C3%ABl-Wicherlink/6000000037101792022,https://www.bhic.nl/memorix/genealogy/search/persons?ss=%7B%22q%22:%22wicherlink%22%7D,,"Overlijdensakte wel in Noord-Brabants archief, maar memorie niet. Ook niet in Tafel V-bis Zwolle. "
126,S.A. van Hoogstraten,Almelo,13/06/1854,nee,ja,30/03/1808,24/10/1875,Den Haag,https://www.genealogieonline.nl/west-europese-adel/I249697.php,,,,
127,mr. E.J.I. van Sonsbeeck,Almelo,06/05/1884,nee,ja,,28/12/1890,Zwolle,,https://www.openarch.nl/hco:E8845CBA-ED61-4424-864D-164740AF1AC8,,,
128,mr. E.J.I. van Sonsbeeck,Almelo,20/05/1884,nee,ja,,28/12/1890,Zwolle,,https://www.openarch.nl/hco:E8845CBA-ED61-4424-864D-164740AF1AC8,,,
129,A.H. Jannink,Almelo,15/06/1886,nee,nee,,eind juli 1904 ,Bad Kissingen (Duitsland) ,,https://leiden.courant.nu/issue/LD/1906-07-30/edition/0/page/1?query=,,,
130,mr. W.A.A.J. baron van Schimmelpenninck van der Oye,Deventer,22/01/1868,ja,,,,,,,,,
131,mr. J.D.C. baron van Heeckeren van Kell,Zutphen,15/06/1886,ja,,,,,,,,,
132,mr. J.F. Pringle,Arnhem,14/06/1864,nee,ja,,03/01/1868,Arnhem,,https://www.openarch.nl/gld:5599F14A-C799-4C1D-81E2-4102EE84C3FD/nl,https://www.geldersarchief.nl/bronnen/archieven?mivast=37&mizig=210&miadt=37&micode=0021&miview=inv2#inv3t2,,
133,mr. R. baron van Melvil van Lynden,Arnhem,15/06/1886,ja,,,,,,,,,
134,jhr. B. van Merlen,Tiel,08/06/1858,nee,ja,25/04/1800,19/12/1890,Haarlem,,https://nl.wikipedia.org/wiki/Bernard_van_Merlen,https://noord-hollandsarchief.nl/bronnen/archieven?mivast=236&miadt=236&mizig=387&miview=tbl&milang=nl&micols=1&misort=ach%7Casc&mizk_alle=memorie%20van%20successie&mip2=Merlen,,
135,P.A.C.H.T.A. WerdmÃÂ¼ller von Elgg,Tiel,17/04/1877,nee,nee,21/03/1838,17/08/1892,aan boord van schip Salak,,https://www.geni.com/people/P-A-C-H-T-A-Werdmuller-von-Elgg/6000000006945583347,,,
136,mr. C. Pijnacker Hordijk,Tiel,28/10/1884,ja,,,,,,,,,
137,S.A. van Hoogstraten,Amersfoort,10/06/1856,nee,ja,30/03/1808,24/10/1875,Den Haag,https://www.genealogieonline.nl/west-europese-adel/I249697.php,,,,
138,mr. H. Verloren van Themaat,Amersfoort,10/06/1862,nee,niet in online archief,,22/02/1885,Utrecht,,https://nl.wikipedia.org/wiki/Verloren,https://www.genealogieonline.nl/en/stamboom-warmenhoven-thierry/I2411.php,,"mr. Hendrik verLoren van Themaat (1814-1885), president arrondissementsrechtbank en lid gemeenteraad van Utrecht, lid provinciale staten van Utrecht; trouwde in 1855 met Cecilia Thierry de Bye (1822-1865), lid van de familie De Bye"
139,mr. H. Verloren van Themaat,Amersfoort,24/06/1862,nee,niet in online archief,,22/02/1885,Utrecht,,https://nl.wikipedia.org/wiki/Verloren,https://www.genealogieonline.nl/en/stamboom-warmenhoven-thierry/I2411.php,,"mr. Hendrik verLoren van Themaat (1814-1885), president arrondissementsrechtbank en lid gemeenteraad van Utrecht, lid provinciale staten van Utrecht; trouwde in 1855 met Cecilia Thierry de Bye (1822-1865), lid van de familie De Bye"
140,jhr.mr. J.L.B. de Muralt,Utrecht,08/06/1858,nee,niet in online archief,12/05/1818,28/08/1889,Utrecht,,https://www.genealogieonline.nl/stamboom-valkenet-de-kruijf/I6281.php,,,
141,mr. B.G.A. Pabst,Utrecht,12/06/1866,nee,niet in online archief,1809,04/01/1875,Utrecht,,https://www.delpher.nl/nl/kranten/view?coll=ddd&query=%22B.G.A.+Pabst%22&cql%5B%5D=%28date+_gte_+%2201-01-1866%22%29&cql%5B%5D=%28date+_lte_+%2201-01-1895%22%29&facets%5Btype%5D%5B%5D=advertentie&facets%5Btype%5D%5B%5D=familiebericht&redirect=true&identifier=ddd:011132865:mpeg21:a0009&resultsidentifier=ddd:011132865:mpeg21:a0009&rowid=3,,,
142,mr. H. Verloren van Themaat,Utrecht,13/11/1866,nee,niet in online archief,01/09/1814,22/02/1885,Utrecht,,https://hetutrechtsarchief.nl/onderzoek/resultaten/archieven?mivast=39&mizig=62&miadt=39&miaet=54&micode=481-462-01&minr=23514561&miview=ldt,,,
143,jhr. P. Opperdoes Alewijn,Hoorn,30/11/1848,ja,,,,,,,,,
144,J.C. Pilaar,Hoorn,14/12/1848,nee,nee,,16/10/1849,Medemblik,,https://www.delpher.nl/nl/kranten/view?coll=ddd&query=%22J.C.+Pilaar%22&cql%5B%5D=%28date+_gte_+%2201-10-1849%22%29&cql%5B%5D=%28date+_lte_+%2201-11-1849%22%29&redirect=true&identifier=ddd:010067454:mpeg21:a0011&resultsidentifier=ddd:010067454:mpeg21:a0011&rowid=2,https://www.google.com/url?sa=t&rct=j&q=&esrc=s&source=web&cd=&ved=2ahUKEwiyqJmox83uAhUEPewKHXW-CxUQFjAAegQIAhAC&url=http%3A%2F%2Fwww.dwc.knaw.nl%2FDL%2Flevensberichten%2FPE00002321.pdf&usg=AOvVaw0tDYNrmVP_v6j38lOyvGPc,,Voor 1877
145,G. van Leeuwen,Alkmaar,30/11/1848,nee,ja,26/01/1795,12/03/1872,Alkmaar,,http://resources.huygens.knaw.nl/retroboeken/nnbw/#source=2&page=406&view=imagePane,https://noord-hollandsarchief.nl/bronnen/archieven?mivast=236&mizig=210&miadt=236&micode=178&milang=nl&mizk_alle=memorie%20van%20successie&miview=inv2#inv3t2,,
146,jhr. P. Opperdoes Alewijn,Hoorn,20/04/1852,ja,,,,,,,,,
147,jhr. P. Opperdoes Alewijn,Hoorn,05/05/1852,ja,,,,,,,,,
148,mr. J.G.A. Faber,Hoorn,30/07/1858,nee,nee,06/11/1823,12 juli 1885,Wiesbaden (Duitsland),,https://www.delpher.nl/nl/kranten/view?coll=ddd&query=%22J.G.A.+Faber%22&cql%5B%5D=%28date+_gte_+%2201-01-1885%22%29&cql%5B%5D=%28date+_lte_+%2231-12-1885%22%29&facets%5Btype%5D%5B%5D=advertentie&facets%5Btype%5D%5B%5D=familiebericht&redirect=true&identifier=ddd:010267040:mpeg21:a0065&resultsidentifier=ddd:010267040:mpeg21:a0065&rowid=2,https://www.genealogieonline.nl/kwartierstaat-van-der-sman/I2806.php,,
149,C. Bloem,Hoorn,13/10/1874,nee,ja,1827,11/03/1875,Hoorn,,https://www.genealogieonline.nl/genealogie-hummelman/I333.php,,,
150,C. Bloem,Hoorn,27/10/1874,nee,ja,1827,11/03/1875,Hoorn,,https://www.genealogieonline.nl/genealogie-hummelman/I333.php,,,
151,J.D. van Herwerden,Alkmaar,12/06/1866,nee,ja,18/01/1806,09/09/1879,Den Haag,,http://www.biografischportaal.nl/persoon/28635550,https://dbnl.org/auteurs/auteur.php?id=herw013,,
152,H.W. van Marle,Alkmaar,15/06/1886,ja,,,,,,,,,
153,H.G. Jansen,Haarlem,30/10/1866,nee,ja,17/01/1816,01/07/1910,Den Haag,,http://www.biografischportaal.nl/persoon/47811588,https://www.nationaalarchief.nl/onderzoeken/archief/3.06.05/invnr/7252/file/NL-HaNA_3.06.05_7252_2720?tab=download,,minister
154,H.G. Jansen,Haarlem,13/11/1866,nee,ja,17/01/1816,01/07/1910,Den Haag,,http://www.biografischportaal.nl/persoon/47811588,https://www.nationaalarchief.nl/onderzoeken/archief/3.06.05/invnr/7252/file/NL-HaNA_3.06.05_7252_2720?tab=download,,minister
155,jhr. J.P. Cornets de Groot van Kraayenburg,Amsterdam,17/05/1853,nee,,06/04/1808,23/07/1878,Den Haag,,https://nl.wikipedia.org/wiki/Jean_Pierre_Cornets_de_Groot_van_Kraaijenburg,,,
156,jhr. J.P. Cornets de Groot van Kraayenburg,Amsterdam,13/06/1854,nee,,06/04/1808,23/07/1878,Den Haag,,https://nl.wikipedia.org/wiki/Jean_Pierre_Cornets_de_Groot_van_Kraaijenburg,,,
157,dr. A. Vrolik,Amsterdam,20/03/1860,nee,ja,,08/06/1894,Arnhem,,https://www.parlement.com/id/vg09lljk47yh/a_vrolik,,,minister
158,J.D. van Herwerden,Amsterdam,10/06/1862,nee,ja,18/01/1806,09/09/1879,Den Haag,,http://www.biografischportaal.nl/persoon/28635550,https://dbnl.org/auteurs/auteur.php?id=herw013,,
159,J.J.A. Santhagens,Amsterdam,14/06/1864,nee,nee,17/02/1789,19/05/1867,Amsterdam,,https://www.genealogieonline.nl/en/stamboom-de-kanter/I4223.php,,,akten Amsterdam 1867 onvolledig bewaard gebleven
160,J.J.A. Santhagens,Amsterdam,28/06/1864,nee,nee,17/02/1789,19/05/1867,Amsterdam,,https://www.genealogieonline.nl/en/stamboom-de-kanter/I4223.php,,,akten Amsterdam 1867 onvolledig bewaard gebleven
161,mr. J. Wertheim,Amsterdam,22/01/1868,nee,ja,,14/04/1886,Amsterdam,,https://www.delpher.nl/nl/kranten/view?coll=ddd&query=%22mr.+J.+Wertheim%22&cql%5B%5D=%28date+_gte_+%2201-01-1877%22%29&cql%5B%5D=%28date+_lte_+%2201-01-1905%22%29&facets%5Btype%5D%5B%5D=familiebericht&redirect=true&resultsidentifier=MMKB23:001406092:mpeg21:a00055&page=2&identifier=MMKB23:001406092:mpeg21:a00055&rowid=3,https://www.genealogieonline.nl/stamboom-driessen/I166400.php,,
162,dr. J. Bosscha jr.,Amsterdam,12/10/1869,nee,ja,18/11/1831,15/04/1911,Heemstede,,https://nl.wikipedia.org/wiki/Johannes_Bosscha_jr.,https://noord-hollandsarchief.nl/bronnen/archieven?mivast=236&mizig=210&miadt=236&micode=178&milang=nl&mizk_alle=memorie%20van%20successie&miview=inv2#inv3t2,,
163,mr. M.J. van Lennep,Amsterdam,26/02/1878,nee,ja,06/01/1830,20/01/1913,Haarlem,,https://nl.wikipedia.org/wiki/Maurits_Jacob_van_Lennep,,,
164,H.W. van Marle,Amsterdam,27/03/1883,ja,,,,,,,,,
165,H.F. Bultman,Haarlemmermeer,19/03/1878,ja,,,,,,,,,
166,H.F. Bultman,Haarlemmermeer,10/06/1879,ja,,,,,,,,,
167,H.F. Bultman,Haarlemmermeer,24/06/1879,ja,,,,,,,,,
168,H.F. Bultman,Haarlemmermeer,15/06/1886,ja,,,,,,,,,
169,H.F. Bultman,Haarlemmermeer,29/06/1886,ja,,,,,,,,,
170,mr. J.H. van der Sande,Leiden,27/08/1850,nee,ja,,16/11/1868,Den Haag,,https://www.delpher.nl/nl/kranten/view?coll=ddd&query=%22J.H.+van+der+Sande%22&cql%5B%5D=%28date+_gte_+%2201-01-1868%22%29&cql%5B%5D=%28date+_lte_+%2231-12-1868%22%29&redirect=true&identifier=ddd:010803047:mpeg21:a0026&resultsidentifier=ddd:010803047:mpeg21:a0026&rowid=1,,,
171,dr. P. Bleeker,Leiden,10/06/1862,nee,ja,10/07/1819,24/01/1878,Den Haag,,https://www.parlement.com/id/vg09llycythr/p_bleeker,,,
172,jhr.mr. H. van Alphen,Leiden,30/10/1866,nee,ja,,16/06/1876,Leiden,,https://www.openarch.nl/elo:3ab601d1-d92d-0376-06c9-4fcb665e7092/nl,,,
173,jhr.mr. H. van Alphen,Leiden,22/01/1868,nee,ja,,16/06/1876,Leiden,,https://www.openarch.nl/elo:3ab601d1-d92d-0376-06c9-4fcb665e7092/nl,,,
174,W.J.F. Nuyens,Leiden,18/03/1873,nee,ja,18/08/1823,08/12/1894,Westwoud,,https://nl.wikipedia.org/wiki/Willem_Jan_Frans_Nuyens,,,
175,J. Rinkes Borger,Leiden,15/06/1886,nee,niet in online archief,14/04/1845,04/06/1915,Sneek,,http://docplayer.nl/143775185-Inhoud-jan-rinkes-borger-en-de-vereeniging-tot-bestrijding-van-knoeierijen-in-den-boterhandel.html,,,
176,J. Rinkes Borger,Leiden,29/06/1886,nee,niet in online archief,14/04/1845,04/06/1915,Sneek,,http://docplayer.nl/143775185-Inhoud-jan-rinkes-borger-en-de-vereeniging-tot-bestrijding-van-knoeierijen-in-den-boterhandel.html,,,
177,mr. F. Was,Leiden,01/09/1887,nee,niet in online archief,28/09/1846,04/04/1903,Leiden,,https://www.google.com/url?sa=t&rct=j&q=&esrc=s&source=web&cd=&ved=2ahUKEwj31qnVxN_uAhVEx4UKHcRFC4YQFjAEegQICxAC&url=https%3A%2F%2Fwww.oudleiden.nl%2Fpublicaties%2Fjaarboekje%2F1-1904%2Ffile&usg=AOvVaw2sx2-lhYJMCjrujTHRLamx,https://www.delpher.nl/nl/kranten/view?coll=ddd&query=%22F.+Was%22&cql%5B%5D=%28date+_gte_+%2201-04-1903%22%29&cql%5B%5D=%28date+_lte_+%2201-05-1903%22%29&redirect=true&identifier=ddd:010990308:mpeg21:a0059&resultsidentifier=ddd:010990308:mpeg21:a0059&rowid=1,,Vanaf 1903 geen memories digitaal bij Nationaal Archief
178,dr. J. Bosscha jr.,Gouda,08/06/1869,nee,ja,18/11/1831,15/04/1911,Heemstede,,https://nl.wikipedia.org/wiki/Johannes_Bosscha_jr.,https://noord-hollandsarchief.nl/bronnen/archieven?mivast=236&mizig=210&miadt=236&micode=178&milang=nl&mizk_alle=memorie%20van%20successie&miview=inv2#inv3t2,,
179,jhr.mr. H.J. van der Heim,Gouda,13/02/1874,nee,nee,19/01/1824,13/02/1890,Florence (Italië),,https://www.parlement.com/id/vg09llj9fau6/h_j_van_der_heim,,,
180,mr. A.J. Roest,Gouda,28/10/1884,nee,niet in online archief,07/11/1837,21/04/1920,Den Haag,,https://www.parlement.com/id/vg09llz6wkyy/a_j_roest,,,"memorie april 1920 van kantoor 1 Den Haag ontbreekt, van kantoor 2 (6540) niet online beschikbaar"
181,mr. A.J. Roest,Gouda,15/06/1886,nee,niet in online archief,07/11/1837,21/04/1920,Den Haag,,https://www.parlement.com/id/vg09llz6wkyy/a_j_roest,,,"memorie april 1920 van kantoor 1 Den Haag ontbreekt, van kantoor 2 (6540) niet online beschikbaar"
182,mr. J. Fortuijn Droogleever,Gouda,15/06/1886,nee,ja,23/11/1838,16/12/1897,Gouda,,https://www.delpher.nl/nl/kranten/view?coll=ddd&query=%28%22J.+Fortuyn+Droogleever%22+%29&cql%5B%5D=%28date+_gte_+%2201-01-1886%22%29&cql%5B%5D=%28date+_lte_+%2201-01-1907%22%29&facets%5Btype%5D%5B%5D=familiebericht&redirect=true&identifier=MMHCO01:000074853:mpeg21:a0005&resultsidentifier=MMHCO01:000074853:mpeg21:a0005&rowid=5,https://www.genealogieonline.nl/berkemeijer-genealogie/I76544.php,,
183,mr. A.J. Roest,Gouda,01/09/1887,nee,niet in online archief,07/11/1837,21/04/1920,Den Haag,,https://www.parlement.com/id/vg09llz6wkyy/a_j_roest,,,"memorie april 1920 van kantoor 1 Den Haag ontbreekt, van kantoor 2 (6540) niet online beschikbaar"
184,mr. J. Fortuijn Droogleever,Gouda,01/09/1887,nee,ja,23/11/1838,16/12/1897,Gouda,,https://www.delpher.nl/nl/kranten/view?coll=ddd&query=%28%22J.+Fortuyn+Droogleever%22+%29&cql%5B%5D=%28date+_gte_+%2201-01-1886%22%29&cql%5B%5D=%28date+_lte_+%2201-01-1907%22%29&facets%5Btype%5D%5B%5D=familiebericht&redirect=true&identifier=MMHCO01:000074853:mpeg21:a0005&resultsidentifier=MMHCO01:000074853:mpeg21:a0005&rowid=5,https://www.genealogieonline.nl/berkemeijer-genealogie/I76544.php,,
185,mr. R.J.C. Metelerkamp,Delft,08/06/1869,nee,ja,18/03/1810,30/01/1872,Den Haag,,http://www.biografischportaal.nl/persoon/17679033,,,
186,S. Gille Heringa,Delft,12/06/1877,nee,nee,16/09/1816,12/02/1895,Nijmegen,,https://www.dbnl.org/tekst/molh003nieu03_01/molh003nieu03_01_0911.php,,,niet in Tafel V-bis Nijmegen en memories van Schiedam
187,S. Gille Heringa,Delft,26/06/1877,nee,nee,16/09/1816,12/02/1895,Nijmegen,,https://www.dbnl.org/tekst/molh003nieu03_01/molh003nieu03_01_0911.php,,,niet in Tafel V-bis Nijmegen en memories van Schiedam
188,mr. A.E.J. Modderman,Delft,12/06/1883,nee,ja,27/09/1838,07/08/1885,Den Haag,,https://www.parlement.com/id/vg09lljdp9x2/a_e_j_modderman,,,minister
189,mr. A.E.J. Modderman,Delft,26/06/1883,nee,ja,27/09/1838,07/08/1885,Den Haag,,https://www.parlement.com/id/vg09lljdp9x2/a_e_j_modderman,,,minister
190,mr. D.C.A. graaf van Hogendorp,Rotterdam,22/01/1868,nee,ja,20/09/1812,12/09/1891,Den Haag,,https://www.genealogieonline.nl/genealogie-richard-remme/I418710.php,,,
191,mr. W.H. Jansen,Rotterdam,10/06/1879,nee,niet in online archief,,06/10/1911,Schiedam,,https://www.delpher.nl/nl/kranten/view?coll=ddd&query=%28%22W.H.+Jansen%22+AND+overleden%29&cql%5B%5D=%28date+_gte_+%2201-01-1908%22%29&cql%5B%5D=%28date+_lte_+%2201-01-1930%22%29&redirect=true&identifier=ddd:010340643:mpeg21:a0186&resultsidentifier=ddd:010340643:mpeg21:a0186&rowid=5,https://www.delpher.nl/nl/kranten/view?coll=ddd&query=%28%22W.H.+Jansen%22+AND+overleden%29&cql%5B%5D=%28date+_gte_+%2201-01-1910%22%29&cql%5B%5D=%28date+_lte_+%2201-01-1912%22%29&redirect=true&identifier=ddd:010635444:mpeg21:a0019&resultsidentifier=ddd:010635444:mpeg21:a0019&rowid=1,,
192,M.L. van Deventer,Rotterdam,24/08/1880,nee,ja,10/03/1832,22/01/1892,Princenhage,,https://www.dbnl.org/tekst/_jaa002189501_01/_jaa002189501_01_0013.php,http://www.biografischportaal.nl/persoon/24023866,,
193,M.L. van Deventer,Rotterdam,07/09/1880,nee,ja,10/03/1832,22/01/1892,Princenhage,,https://www.dbnl.org/tekst/_jaa002189501_01/_jaa002189501_01_0013.php,http://www.biografischportaal.nl/persoon/24023866,,
194,G.P. Ittmann,Rotterdam,14/06/1881,nee,niet in online archief,,03/05/1911,Zeist,,https://www.delpher.nl/nl/kranten/view?coll=ddd&query=%28%22G.P.+Ittmann%22+AND+overleden%29&cql%5B%5D=%28date+_gte_+%2201-01-1908%22%29&cql%5B%5D=%28date+_lte_+%2201-01-1930%22%29&redirect=true&identifier=ddd:010338085:mpeg21:a0041&resultsidentifier=ddd:010338085:mpeg21:a0041&rowid=5,https://npic.jimdofree.com/hospitaal-in-china/,,
195,M.L. van Deventer,Rotterdam,12/02/1884,nee,ja,10/03/1832,22/01/1892,Princenhage,,https://www.dbnl.org/tekst/_jaa002189501_01/_jaa002189501_01_0013.php,http://www.biografischportaal.nl/persoon/24023866,,
196,R.F. baron van Raders,Den Haag,23/05/1854,nee,ja,22/10/1794,14/11/1868,Den Haag,,https://nl.wikipedia.org/wiki/Reinier_Frederik_van_Raders,,,
197,jhr.mr. J.K.J. de Jonge,Den Haag,10/06/1873,nee,ja,17/06/1828,15/03/1880,Den Haag,,https://www.parlement.com/id/vg09lm054atz/j_k_j_de_jonge,,,griffier Eerste Kamer
198,L. Mulder,Den Haag,12/06/1877,nee,niet in online archief,09/04/1822,14/05/1907,Den Haag,,https://nl.wikipedia.org/wiki/Lodewijk_Mulder,,,"Kantoor 1 ontbreekt, kantoor 2 niet online beschikbaar"
199,jhr. G.J.G. Klerck,Den Haag,12/06/1883,nee,ja,13/02/1825,17/01/1884,Den Haag,,https://www.parlement.com/id/vg09lljbk9wo/g_j_g_klerck,,,minister
200,J. Canter Visscher,Den Haag,01/09/1887,,,,,,,,,,
201,A. Vogelsang,Dordrecht,27/08/1850,nee,ja,1807,30/06/1877,Oud-Beijerland,,https://www.nationaalarchief.nl/onderzoeken/archief/3.06.05/invnr/4537/file/NL-HaNA_3.06.05_4537_0171,https://www.openarch.nl/rzh:37db55b1-aff0-4249-b613-5356f2a416bc/nl,,
202,A. Vogelsang,Dordrecht,22/06/1852,nee,ja,1807,30/06/1877,Oud-Beijerland,,https://www.nationaalarchief.nl/onderzoeken/archief/3.06.05/invnr/4537/file/NL-HaNA_3.06.05_4537_0171,https://www.openarch.nl/rzh:37db55b1-aff0-4249-b613-5356f2a416bc/nl,,
203,A. Vogelsang,Dordrecht,10/06/1856,nee,ja,1807,30/06/1877,Oud-Beijerland,,https://www.nationaalarchief.nl/onderzoeken/archief/3.06.05/invnr/4537/file/NL-HaNA_3.06.05_4537_0171,https://www.openarch.nl/rzh:37db55b1-aff0-4249-b613-5356f2a416bc/nl,,
204,jhr.mr. H.J. van der Heim,Dordrecht,13/02/1860,nee,nee,19/01/1824,13/02/1890,Florence (Italië),,https://www.parlement.com/id/vg09llj9fau6/h_j_van_der_heim,,,
205,G.A. Loeff,Dordrecht,22/04/1879,,,,,,,,,,
206,G.A. Loeff,Dordrecht,06/05/1879,,,,,,,,,,
207,I. Esser,Dordrecht,14/06/1881,,,,,,,,,,
208,mr. P.L. Begram van Jaarsveld,Gorinchem,27/08/1850,,,,,,,,,,
209,jhr. B. van Merlen,Gorinchem,25/01/1859,nee,ja,25/04/1800,19/12/1890,Haarlem,,https://nl.wikipedia.org/wiki/Bernard_van_Merlen,https://noord-hollandsarchief.nl/bronnen/archieven?mivast=236&miadt=236&mizig=387&miview=tbl&milang=nl&micols=1&misort=ach%7Casc&mizk_alle=memorie%20van%20successie&mip2=Merlen,,
210,jhr. G.J.G. Klerck,Gorinchem,10/06/1879,nee,ja,13/02/1825,17/01/1884,Den Haag,,https://www.parlement.com/id/vg09lljbk9wo/g_j_g_klerck,,,
211,J.A.A. Waldorp,Gorinchem,23/09/1880,,,,,,,,,,
212,jhr.mr. J.G.H. van Tets van Goudriaan,Middelburg,10/06/1862,,,,,,,,,,
213,jhr.mr. H.J. van der Heim,Middelburg,22/01/1868,nee,nee,19/01/1824,13/02/1890,Florence (Italië),,https://www.parlement.com/id/vg09llj9fau6/h_j_van_der_heim,,,
214,J. Wolbers,Middelburg,12/06/1877,nee,niet in online archief,26/07/1819,22/09/1889,Utrecht,,https://nl.wikipedia.org/wiki/Julien_Wolbers,,,
215,mr. W.J. Snouck Hurgronje,Middelburg,12/06/1883,,,,,,,,,,
216,mr. C.J. PickÃÂ©,Goes,14/06/1864,ja,,,18/03/1887,Middelburg,,https://www.parlement.com/id/vg09ll4jvnzw/c_j_picke,https://www.zeeuwsarchief.nl/onderzoek-het-zelf/archief/?mivast=239&mizig=862&miadt=239&milang=nl&misort=last_mod%7Cdesc&mip3=pick%C3%A9&mif2=275&miview=tbl,,
217,O. Verhagen,Goes,14/06/1864,nee,,,08/11/1870,Goes,,https://www.zeeuwsarchief.nl/onderzoek-het-zelf/archief/?mivast=239&miadt=239&mizig=862&miview=tbl&milang=nl&micols=1&misort=last_mod%7Cdesc&mif2=275&mip3=verhagen&mib1=275,,,
218,mr. C.J. PickÃÂ©,Goes,22/01/1868,ja,,,18/03/1887,Middelburg,,https://www.parlement.com/id/vg09ll4jvnzw/c_j_picke,https://www.zeeuwsarchief.nl/onderzoek-het-zelf/archief/?mivast=239&mizig=862&miadt=239&milang=nl&misort=last_mod%7Cdesc&mip3=pick%C3%A9&mif2=275&miview=tbl,,
219,mr. M.J. de Witt Hamer,Goes,08/06/1875,nee,,,,,,Machiel Jacobus de Witt Hamer,,,
220,mr. W.A. van Hoek,Goes,10/06/1879,,,,,,,,,,
221,mr. W.A. van Hoek,Goes,24/06/1879,,,,,,,,,,
222,mr. L.A. Bijbau,Goes,15/06/1886,,,,,,,,,,
223,mr. L.A. Bijbau,Goes,29/06/1886,,,,,,,,,,
224,C. Goekoop,Zierikzee,12/02/1863,,,,,,,,,,
225,W.F. del Campo,Zierikzee,12/02/1863,,,,,,,,,,
226,mr. L. van Rijckevorsel,Zevenbergen,14/06/1881,,,,,,,,,,
227,C.N. Tieleman,Zevenbergen,14/06/1881,,,,,,,,,,
228,mr. L. van Rijckevorsel,Zevenbergen,28/06/1881,,,,,,,,,,
229,jhr. L.L.G.M. de Villers de PitÃÂ©,Maastricht,27/08/1850,,,,,,,,,,
230,A. Roberti,Maastricht,27/08/1850,,,,,,,,,,
231,mr. L.H. Wenmaekers,Maastricht,22/01/1868,,,,,,,,,,
232,A.L.E. Roberti,Maastricht,03/02/1880,,,,,,,,,,
233,mr. J.B.H. van de Mortel,Den Bosch,27/08/1850,,,,,,,,,,
234,jhr.mr. W.H. de Savornin Lohman,Appingedam,06/03/1888,,,,,,,,,,
235,jhr.mr. W.H. de Savornin Lohman,Appingedam,09/06/1891,,,,,,,,,,
236,P. Dijkhuis,Winschoten,06/03/1888,,,,,,,,,,
237,dr. V. Bruinsma,Wolvega,06/03/1888,,,,,,,,,,
238,A. Wiersinga,Steenwijk,10/04/1894,,,,,,,,,,
239,B. Berends,Meppel,09/06/1891,,,,,,,,,,
240,mr. T. Ruijs,Kampen,06/03/1888,,,,,,,,,,
241,jhr. G.J. van der Wijck,Ommen,06/03/1888,,,,,,,,,,
242,W.H. Dikkers,Almelo,09/06/1891,,,,,,,,,,
243,W.H. Dikkers,Almelo,23/07/1891,,,,,,,,,,
244,mr. R.E. Hattink,Enschede,10/04/1894,,,,,,,,,,
245,mr. R.E. Hattink,Enschede,24/04/1894,,,,,,,,,,
246,jhr.mr. J.G. ridder van Rappard,Lochem,06/03/1888,,,,,,,,,,
247,jhr.mr. J.G. ridder van Rappard,Lochem,30/10/1888,,,,,,,,,,
248,mr. R. baron van Melvil van Lynden,Arnhem,06/03/1888,,,,,,,,,,
249,mr. J.F. Bijleveld,Arnhem,10/04/1894,,,,,,,,,,
250,jhr.mr. J.G. ridder van Rappard,Elst,06/03/1888,,,,,,,,,,
251,A.D. Sipman,Elst,09/06/1891,,,,,,,,,,
252,E.D. de Meester,Elst,10/04/1894,,,,,,,,,,
253,E.D. de Meester,Elst,12/06/1894,,,,,,,,,,
254,E.D. de Meester,Elst,26/06/1894,,,,,,,,,,
255,mr. W.H.J. Rooijaards,Amersfoort,09/06/1891,,,,,,,,,,
256,mr. W.H.J. Rooijaards,Amersfoort,23/06/1891,,,,,,,,,,
257,jhr.mr. G.W. Mollerus,Apeldoorn,10/04/1894,,,,,,,,,,
258,jhr.mr. G.W. Mollerus,Apeldoorn,24/04/1894,,,,,,,,,,
259,H.A. van Beuningen,Utrecht,09/06/1891,,,,,,,,,,
260,A.N.J. Fabius,Hilversum,26/01/1897,,,,,,,,,,
261,A. Goede,Alkmaar,09/06/1891,,,,,,,,,,
262,A. Goede,Alkmaar,23/06/1891,,,,,,,,,,
263,H.W. van Marle,Den Helder,06/03/1888,ja,,,,,,,,,
264,D.C. Loman,Den Helder,06/03/1888,,,,,,,,,,
265,J.J. Kraakman,Den Helder,30/10/1894,,,,,,,,,,
266,H. van Calcar,Den Helder,30/10/1894,,,,,,,,,,
267,J.J. Stooker,Den Helder,30/10/1894,,,,,,,,,,
268,J.J. Kraakman,Den Helder,13/11/1894,,,,,,,,,,
269,H. Waller,Amsterdam,06/03/1888,,,,,,,,,,
270,mr. L.M. Povel,Amsterdam,06/03/1888,,,,,,,,,,
271,mr. J.F. Farensbach,Amsterdam,06/03/1888,,,,,,,,,,
272,dr. J.A.J. van Nederhasselt,Amsterdam,06/03/1888,,,,,,,,,,
273,P.J. Raaymakers,Amsterdam,06/03/1888,,,,,,,,,,
274,dr. V. Bruinsma,Amsterdam,06/03/1888,,,,,,,,,,
275,mr. W. Heineken,Amsterdam,10/04/1894,,,,,,,,,,
276,E.J.J. Kuinders,Amsterdam,10/04/1894,,,,,,,,,,
277,J.J.H. Kervel,Beverwijk,09/06/1891,,,,,,,,,,
278,H. Waller,Beverwijk,20/06/1893,,,,,,,,,,
279,H.F. Bultman,Haarlemmermeer,06/03/1888,,,,,,,,,,
280,H.F. Bultman,Haarlemmermeer,20/03/1888,,,,,,,,,,
281,jhr. J.B. van Merlen,Haarlemmermeer,09/06/1891,,,,,,,,,,
282,jhr. J.B. van Merlen,Haarlemmermeer,23/06/1891,,,,,,,,,,
283,mr. J. Maschek,Katwijk,06/03/1888,,,,,,,,,,
284,jhr.mr. H.A.C. de la Bassecour Caan,Katwijk,06/03/1888,,,,,,,,,,
285,mr. J. Maschek,Katwijk,20/03/1888,,,,,,,,,,
286,A. op de Laak,Katwijk,09/06/1891,,,,,,,,,,
287,A. op de Laak,Katwijk,23/06/1891,,,,,,,,,,
288,mr. J. Fortuijn Droogleever,Gouda,15/05/1888,nee,ja,23/11/1838,16/12/1897,Gouda,,https://www.delpher.nl/nl/kranten/view?coll=ddd&query=%28%22J.+Fortuyn+Droogleever%22+%29&cql%5B%5D=%28date+_gte_+%2201-01-1886%22%29&cql%5B%5D=%28date+_lte_+%2201-01-1907%22%29&facets%5Btype%5D%5B%5D=familiebericht&redirect=true&identifier=MMHCO01:000074853:mpeg21:a0005&resultsidentifier=MMHCO01:000074853:mpeg21:a0005&rowid=5,https://www.genealogieonline.nl/berkemeijer-genealogie/I76544.php,,
289,P. van der Breggen,Gouda,24/11/1891,,,,,,,,,,
290,A.J.T. Hofman,Bodegraven,06/03/1888,,,,,,,,,,
291,J.J. Duynstee,Bodegraven,10/04/1894,,,,,,,,,,
292,L.W. Jansen,Schiedam,06/03/1888,,,,,,,,,,
293,L.W. Jansen,Schiedam,20/03/1888,,,,,,,,,,
294,jhr.mr. W. Six,Schiedam,20/11/1888,,,,,,,,,,
295,S.A. Maas,Schiedam,10/04/1894,,,,,,,,,,
296,S.A. Maas,Schiedam,24/04/1894,,,,,,,,,,
297,P.C. Evers,Den Haag,06/03/1888,,,,,,,,,,
298,C.A. Steger,Den Haag,09/06/1891,,,,,,,,,,
299,mr. A.J.W. van Roijen,Den Haag,11/05/1894,,,,,,,,,,
300,J.J. van Tienhoven van den Boogaard,Gorinchem,06/03/1888,,,,,,,,,,
301,W.F. Tak,Gorinchem,09/06/1891,,,,,,,,,,
302,K. van Wijngaarden,Sliedrecht,06/03/1888,,,,,,,,,,
303,J. Lels,Sliedrecht,09/06/1891,,,,,,,,,,
304,J.A. van Haaften,Sliedrecht,24/04/1894,,,,,,,,,,
305,J.H.C. Heijse,Goes,18/03/1890,,,,,,,,,,
306,J.H.C. Heijse,Goes,09/06/1891,,,,,,,,,,
307,E.F.H.J. de Beaumont,Maastricht,15/05/1888,nee,ja,,12-12-1895,Luik,,https://www.archieven.nl/mi/1540/?mivast=1540&miadt=38&mizig=100&miview=tbl&milang=nl&micols=1&misort=dt%7Cdesc&mif1=215&mip1=beaumont&mib1=215,,,
308,mr. G.A.A. Tripels,Maastricht,28/06/1892,,,,,,,,,,
309,G.L.D. Franquinet,Maastricht,28/06/1892,,,,,,,,,,
310,G. Smeets,Gulpen,06/03/1888,,,,,,,,,,
311,mr. L. Geradts,Roermond,18/06/1889,,,,,,,,,,
312,G.A. Aalderink,Amsterdam II,15/06/1897,,,,,,,,,,
313,T.J. Weesing,Amsterdam II,15/06/1897,,,,,,,,,,
314,A.D. de Marez Oyens,Amsterdam II,15/06/1897,,,,,,,,,,
315,W. Hovy,Amsterdam III,15/06/1897,,,,,,,,,,
316,G.H. Wagenaar,Amsterdam VII,15/06/1897,,,,,,,,,,
317,A. Harmsen jr.,Amsterdam VIII,15/06/1897,,,,,,,,,,
318,H.C. van der Houven van Oordt,Apeldoorn,15/06/1897,nee,ja,,15/04/1901,Arnhem,,http://www.biografischwoordenboekgelderland.nl/bio/3_Hendrik_Christiaan_van_der_Houven_van_Oordt,,,
319,J. Bouwes,Appingedam,15/06/1897,,,,,,,,,,
320,H.A. Pauwen,Doetinchem,15/06/1897,,,,,,,,,,
321,H.A. Pauwen,Doetinchem,25/06/1897,,,,,,,,,,
322,H. Kamstra,Franeker,15/06/1897,,,,,,,,,,
323,Z. Middelkoop,Franeker,15/06/1897,,,,,,,,,,
324,H. Kamstra,Franeker,25/06/1897,,,,,,,,,,
325,H.A. le Bron de Vexela,Den Haag II,15/06/1897,nee,,,16/07/1928,Maastricht,,https://www.openarch.nl/rht:F624BA7F-7CC7-6560-E044-001A4B08D326/en,,,
326,H.A. le Bron de Vexela,Den Haag II,25/06/1897,nee,,,16/07/1928,Maastricht,,https://www.openarch.nl/rht:F624BA7F-7CC7-6560-E044-001A4B08D326/en,,,
327,J.D. baron van Wassenaer van Rosande,Den Haag III,15/06/1897,,,,,,,,,,
328,H.J.G. van Hoogstraten,Den Haag III,15/06/1897,nee,niet in online archief,1841,06/01/1905,Den Haag,https://www.wikidata.org/wiki/Q2135286,,,,Nationaal archief. Band 7248 (ontbreekt) of band 6478 (niet gedigitaliseerd). 
329,J.D. baron van Wassenaer van Rosande,Den Haag III,25/06/1897,,,,,,,,,,
330,mr. L.H.W. Regout,Gulpen,15/06/1897,,,,,,,,,,
331,L. Modoo,Haarlem,11/05/1900,nee,,,06/10/1893,Haarlem,,https://www.openarch.nl/nha:3a932149-7fa9-4570-aac9-1eef41b33b2c,,,
332,W.A.J. van de Kamp,Haarlem,11/05/1900,,,,,,,,,,
333,dr. P.J. Muller,Haarlem,11/05/1900,,,,,,,,,,
334,A. Wiersinga,Hoogezand,15/06/1897,,,,,,,,,,
335,W.C. van Munster,Leeuwarden,15/06/1897,,,,,,,,,,
336,J.F.H. Bekhuis,Leeuwarden,15/06/1897,,,,,,,,,,
337,W. Bax,Leeuwarden,27/07/1897,,,,,,,,,,
338,W.C. van Munster,Leeuwarden,27/07/1897,,,,,,,,,,
339,W. Bax,Leeuwarden,03/08/1897,,,,,,,,,,
340,mr. J.L.G.L.P. Haex,Maastricht,02/03/1900,,,,,,,,,,
341,W. Kroese,Sneek,15/06/1897,,,,,,,,,,
342,H.A. van Beuningen,Utrecht I,15/06/1897,,,,,,,,,,
343,M.H.A. van der Valk,Veendam,15/06/1897,,,,,,,,,,
344,A. Wiersinga,Winschoten,15/06/1897,,,,,,,,,,
345,P. Dijkhuis,Winschoten,27/07/1897,,,,,,,,,,
346,H.W.C. de Jonge,Zutphen,15/06/1897,,,,,,,,,,
347,R.P.J. Tutein Nolthenius,Zutphen,14/06/1901,,,,,,,,,,
348,R.P.J. Tutein Nolthenius,Zutphen,27/06/1901,,,,,,,,,,
349,W.B. van Liefland,Den Haag II,14/06/1901,,,,,,,,,,
350,F.J. van Rijswijk,Rotterdam V,14/06/1901,,,,,,,,,,
351,mr. S. Muller Hzn.,Rotterdam V,14/06/1901,,,,,,,,,,
352,J.F.M. Sterck,Amsterdam I,14/06/1901,,,,,,,,,,
353,J. Deen,Amsterdam V,14/06/1901,,,,,,,,,,
354,J. Deen,Amsterdam V,27/06/1901,,,,,,,,,,
355,H.W. van Marle,Amsterdam VI,14/06/1901,ja,,,,,,,,,
356,H.W. van Marle,Amsterdam VI,27/06/1901,ja,,,,,,,,,
357,A.J.C.J.S. Bergsma,Amsterdam VIII,14/06/1901,,,,,,,,,,
358,P.H. van Outersterp,Amsterdam VIII,14/06/1901,,,,,,,,,,
359,W.A.J. van de Kamp,Haarlem,14/06/1901,,,,,,,,,,
360,C.S. Jaring,Den Helder,14/06/1901,,,,,,,,,,
361,J.J.B. Fanoy,Hilversum,14/06/1901,nee,,,01-03-1946,Batavia,,,,,
362,dr. H. Gorter,Hilversum,14/06/1901,nee,,,15/09/1927,Brussel,,https://nl.wikipedia.org/wiki/Herman_Gorter,https://www.kb.nl/themas/nederlandse-poezie/dichters-uit-het-verleden/herman-gorter-1864-1927/herman-gorter-biografie,,Laatste woonplaats Bussum
363,J.A. de Bruijne,Zierikzee,14/06/1901,,,,,,,,,,
364,mr. H.J. Doude van Troostwijk,Breukelen,14/06/1901,,,,,,,,,,
365,dr. H. Blink,Weststellingwerf,14/06/1901,,,,,,,,,,
366,mr. F.O. van der Dussen,Kampen,14/06/1901,,,,,,,,,,
367,F.H. Boels,Veendam,30/07/1901,,,,,,,,,,
368,jhr.mr. W.T. Gevers Deynoot 2,Den Haag II,11/09/1902,,,,,,,,,,
369,jhr.mr. R.A.P. Sandberg tot Essenburg,Apeldoorn,16/06/1905,,,,,,,,,,
370,D. Brocx,Doetinchem,16/06/1905,,,,,,,,,,
371,mr. ÃÂ. baron van Mackay Thzn.,Brielle,16/06/1905,,,,,,,,,,
372,mr. L. van Andel,Gorinchem,16/06/1905,,,,,,,,,,
373,dr. W.C.A. baron van Vredenburch,Den Haag III,16/06/1905,,,,,,,,,,
374,K.A. Warmenhoven jr.,Rotterdam III,16/06/1905,,,,,,,,,,
375,jhr.mr. H. Smissaert,Sliedrecht,16/06/1905,nee,,,25/07/1934,Den Haag,,,,,
376,jhr.mr. H. Smissaert,Sliedrecht,28/06/1905,nee,,,25/07/1934,Den Haag,,,,,
377,mr. G.A.P.M. van der Aa,Amsterdam V,16/06/1905,,,,,,,,,,
378,jhr. C. RoÃÂ«ll,Amsterdam VI,16/06/1905,ja,,,,,,,,,
379,J.G. van Kuykhof,Amsterdam IX,16/06/1905,,,,,,,,,,
380,mr. J.N.J.E. Thijssen,Hoorn,16/06/1905,,,,,,,,,,
381,J. Windhouwer,Zaandam,16/06/1905,,,,,,,,,,
382,H. Snijders,Middelburg,16/06/1905,nee,,,11/06/1945,Heemstede,,https://www.europese-bibliotheek.nl/en/Books/De_Middelburgers_in_beeld/100-116260/Article/5,https://www.openarch.nl/nha:6390f537-5637-4b33-90cd-5fa5687d0537/en,,
383,T.A. Hettinga,Leeuwarden,16/06/1905,,,,,,,,,,
384,dr. C.J. Niemeijer,Sneek,16/06/1905,,,,,,,,,,
385,dr. C.J. Niemeijer,Sneek,28/06/1905,,,,,,,,,,
386,J. Huizinga,Schoterland,16/06/1905,,,,,,,,,,
387,C.A. Zelvelder,Weststellingwerf,16/06/1905,,,,,,,,,,
388,dr. W.J.M. Engelberts,Ommen,16/06/1905,,,,,,,,,,
389,H. de Wilde,Hoogezand,16/06/1905,,,,,,,,,,
390,U.G. Schilthuis Jzn.,Hoogezand,16/06/1905,,,,,,,,,,
391,J. Knoppers,Meppel,16/06/1905,,,,,,,,,,
392,R.P.J. Tutein Nolthenius,Zutphen,01/08/1905,,,,,,,,,,
393,R.P.J. Tutein Nolthenius,Zutphen,08/08/1905,,,,,,,,,,
394,J.P. van Term,Rotterdam V,07/09/1905,,,,,,,,,,
395,H. Paul,Leiden,26/10/1906,,,,,,,,,,
396,dr. A. van Raalte,Franeker,02/10/1907,,,,,,,,,,
397,H.J. Versteeg,Schiedam,09/10/1907,,,,,,,,,,
398,jhr.mr. H. Smissaert,Sliedrecht,13/03/1908,,,,,,,,,,
399,J. Kok,Lochem,11/06/1909,,,,,,,,,,
400,F.C.J. Netscher,Alkmaar,11/06/1909,,,,,,,,,,
401,J.N. Hendrix,Amsterdam I,11/06/1909,,,,,,,,,,
402,J.G. van Kuykhof,Amsterdam V,11/06/1909,,,,,,,,,,
403,mr. J.H. Thiel,Haarlem,23/06/1909,,,,,,,,,,
404,C.D. Wesseling,Hoorn,11/06/1909,,,,,,,,,,
405,H.J.C. van Tienen,Zaandam,11/06/1909,,,,,,,,,,
406,H.J.C. van Tienen,Zaandam,23/06/1909,,,,,,,,,,
407,mr. P. Dieleman,Oostburg,11/06/1909,,,,,,,,,,
408,H.W. Teesselink,Ommen,11/06/1909,,,,,,,,,,
409,mr. J. van Gilse,Steenwijk,11/06/1909,,,,,,,,,,
410,H. Groenewout,Appingedam,11/06/1909,,,,,,,,,,
411,B. Berends,Meppel,11/06/1909,,,,,,,,,,
412,P.M.F.H. Brouwers,Gulpen,11/06/1909,,,,,,,,,,
413,I.A. Swane,Helmond,12/07/1910,,,,,,,,,,
414,J. Esmeijer,Apeldoorn,17/06/1913,,,,,,,,,,
415,J. Esmeijer,Apeldoorn,25/06/1913,,,,,,,,,,
416,L.M. Hermans,Arnhem,17/06/1913,,,,,,,,,,
417,H.P.J. Bloemers,Doetinchem,17/06/1913,,,,,,,,,,
418,A.W. Heijkoop,Brielle,17/06/1913,,,,,,,,,,
419,J.H.F. van Zadelhoff,Dordrecht,17/06/1913,,,,,,,,,,
420,C. Smeenk,Den Haag I,17/06/1913,,,,,,,,,,
421,L. Hoejenbos,Den Haag II,17/06/1913,,,,,,,,,,
422,H. Stulemeijer,Rotterdam III,17/06/1913,,,,,,,,,,
423,dr. J.H. Gunning Wzn.,Schiedam,17/06/1913,,,,,,,,,,
424,dr. W.W. van der Meulen,Sliedrecht,17/06/1913,,,,,,,,,,
425,J.W. Smit,Amsterdam I,17/06/1913,,,,,,,,,,
426,J. Loopuit,Amsterdam IV,17/06/1913,,,,,,,,,,
427,J. ter Haar jr.,Amsterdam V,17/06/1913,,,,,,,,,,
428,F.C.J. Netscher,Enkhuizen,17/06/1913,,,,,,,,,,
429,C. Thomassen,Den Helder,17/06/1913,,,,,,,,,,
430,C. Thomassen,Den Helder,25/06/1913,,,,,,,,,,
431,C.D. Wesseling,Hoorn,17/06/1913,,,,,,,,,,
432,J.G. Moojen,Goes,17/06/1913,,,,,,,,,,
433,mr. P. Dieleman,Oostburg,17/06/1913,,,,,,,,,,
434,dr. P. Kohnstamm,Weststellingwerf,17/06/1913,,,,,,,,,,
435,J. de Bruijn,Weststellingwerf,17/06/1913,,,,,,,,,,
436,dr. P. Kohnstamm,Weststellingwerf,25/06/1913,,,,,,,,,,
437,J.C. baron van Haersolte,Deventer,17/06/1913,,,,,,,,,,
438,J.C. de Gast,Kampen,17/06/1913,,,,,,,,,,
439,J.C. de Gast,Kampen,25/06/1913,,,,,,,,,,
440,mr.dr. E. van Ketwich Verschuur,Steenwijk,17/06/1913,,,,,,,,,,
441,R. Koppe,Hoogezand,17/06/1913,,,,,,,,,,
442,H. Snijders,Veendam,17/06/1913,,,,,,,,,,
443,H. Snijders,Veendam,25/06/1913,,,,,,,,,,
444,L.M. Hermans,Winschoten,17/06/1913,,,,,,,,,,
445,L.M. Hermans,Winschoten,25/06/1913,,,,,,,,,,
446,F. Fokkens,Meppel,17/06/1913,,,,,,,,,,
447,T. van der Waerden,Hoogezand,04/08/1913,,,,,,,,,,
448,H. Stulemeijer,Rotterdam III,07/01/1914,,,,,,,,,,
449,H. Stulemeijer,Rotterdam III,14/01/1914,,,,,,,,,,
450,J. Esmeijer,Apeldoorn,29/02/1916,,,,,,,,,,
451,K. Stenhuis,Winschoten,17/06/1916,,,,,,,,,,
452,G.J.H. Peters,Weert,27/04/1916,,,,,,,,,,
453,J. Loopuit,Amsterdam IV,03/04/1917,,,,,,,,,,
454,C. Thomassen,Den Helder,15/05/1917,,,,,,,,,,
455,C. Thomassen,Den Helder,22/05/1917,,,,,,,,,,
456,dr. Z. Kamerling,Amsterdam II,15/06/1917,,,,,,,,,,
457,dr. Z. Kamerling,Amsterdam II,22/06/1917,,,,,,,,,,
458,J. Schouten,Rotterdam II,14/12/1917,,,,,,,,,,
459,J. Schouten,Rotterdam II,21/12/1917,,,,,,,,,,
460,H.J. Versteeg,Schiedam,22/10/1907,,,,,,,,,,